"batch","worker_id","judgments_count","missed_count","golds_count","agreement","forgiven_count","feedback_count","frontload_count","frontload_missed","channel","country","region","city","flagged_at","rejected_at","approved_at","bonus","flag_reason","trust_overall"
1,1,0,0,0,NA,0,0,0,0,"amt","","","","",NA,NA,0,"",1
1,423,0,0,0,NA,0,0,0,0,"amt","","","","",NA,NA,0,"",1
1,2078,0,0,0,NA,0,0,0,0,"amt","","","","",NA,NA,0,"",1
1,2423,0,0,0,NA,0,0,0,0,"amt","","","","",NA,NA,0,"",1
1,28679,17,0,4,NA,0,0,0,0,"amt","USA","WA","Vancouver","",NA,NA,0,"",1
1,81950,0,0,0,NA,0,0,0,0,"amt","","","","",NA,NA,0,"",1
1,122965,0,0,0,NA,0,0,0,0,"amt","","","","",NA,NA,0,"",1
1,125641,0,0,0,NA,0,0,0,0,"amt","","","","",NA,NA,0,"",1
1,127592,0,0,0,NA,0,0,0,0,"amt","","","","",NA,NA,0,"",1
1,129110,0,0,0,NA,0,0,0,0,"amt","","","","",NA,NA,0,"",1
1,278849,0,0,0,NA,0,0,0,0,"amt","","","","",NA,NA,0,"",1
1,388924,0,0,0,NA,0,0,0,0,"amt","","","","",NA,NA,0,"",1
1,456784,0,0,0,NA,0,0,0,0,"amt","","","","",NA,NA,0,"",1
1,666206,0,0,0,NA,0,0,0,0,"amt","","","","",NA,NA,0,"",1
1,714020,0,0,0,NA,0,0,0,0,"amt","","","","",NA,NA,0,"",1
1,745841,2,1,1,NA,0,0,0,0,"amt","USA","NJ","East Hanover","",NA,NA,0,"",0
1,866447,0,0,0,NA,0,0,0,0,"amt","","","","",NA,NA,0,"",1
1,873455,1,0,1,NA,0,0,0,0,"amt","USA","TX","Austin","",NA,NA,0,"",1
1,948174,0,0,0,NA,0,0,0,0,"amt","","","","",NA,NA,0,"",1
1,1068626,0,0,0,NA,0,0,0,0,"amt","","","","",NA,NA,0,"",1
1,1155762,0,0,0,NA,0,0,0,0,"amt","","","","",NA,NA,0,"",1
1,1223258,0,0,0,NA,0,0,0,0,"amt","","","","",NA,NA,0,"",1
1,1265127,0,0,0,NA,0,0,0,0,"amt","","","","",NA,NA,0,"",1
1,1446801,0,0,0,NA,0,0,0,0,"amt","","","","",NA,NA,0,"",1
1,1603668,0,0,0,NA,0,0,0,0,"amt","","","","",NA,NA,0,"",1
1,1723273,0,0,0,NA,0,0,0,0,"amt","","","","",NA,NA,0,"",1
1,1761529,0,0,0,NA,0,0,0,0,"amt","","","","",NA,NA,0,"",1
1,1785850,0,0,0,NA,0,0,0,0,"amt","","","","",NA,NA,0,"",1
1,1821100,6,3,4,NA,0,0,0,0,"amt","IND","25","Madras","",NA,NA,0,"",0.25
1,1847310,0,0,0,NA,0,0,0,0,"amt","","","","",NA,NA,0,"",1
1,1850019,2,0,1,NA,0,0,0,0,"amt","IND","22","Karaikal","",NA,NA,0,"",1
1,1946968,0,0,0,NA,0,0,0,0,"amt","","","","",NA,NA,0,"",1
1,1986095,0,0,0,NA,0,0,0,0,"amt","","","","",NA,NA,0,"",1
1,2098278,0,0,0,NA,0,0,0,0,"amt","","","","",NA,NA,0,"",1
1,2186065,0,0,0,NA,0,0,0,0,"amt","","","","",NA,NA,0,"",1
1,2189867,0,0,0,NA,0,0,0,0,"amt","","","","",NA,NA,0,"",1
1,2252283,0,0,0,NA,0,0,0,0,"amt","","","","",NA,NA,0,"",1
1,2381828,0,0,0,NA,0,0,0,0,"amt","","","","",NA,NA,0,"",1
1,2429663,0,0,0,NA,0,0,0,0,"amt","","","","",NA,NA,0,"",1
1,2632390,0,0,0,NA,0,0,0,0,"amt","","","","",NA,NA,0,"",1
1,2712565,0,0,0,NA,0,0,0,0,"amt","","","","",NA,NA,0,"",1
1,2809899,0,0,0,NA,0,0,0,0,"amt","","","","",NA,NA,0,"",1
1,2960543,7,2,4,NA,0,0,0,0,"amt","MKD","69","Negotino","",NA,NA,0,"",0.5
1,3098571,0,0,0,NA,0,0,0,0,"amt","","","","",NA,NA,0,"",1
1,3133062,0,0,0,NA,0,0,0,0,"amt","","","","",NA,NA,0,"",1
1,3244252,9,2,5,NA,0,0,0,0,"amt","IND","25","Tiruchchirappalli","",NA,NA,0,"",0.6
1,3285495,0,0,0,NA,0,0,0,0,"amt","","","","",NA,NA,0,"",1
1,3377467,0,0,0,NA,0,0,0,0,"amt","","","","",NA,NA,0,"",1
1,3530174,3,0,3,NA,0,0,0,0,"amt","USA","CA","Fresno","",NA,NA,0,"",1
1,3573420,2,1,1,NA,0,0,0,0,"cbf","USA","WI","Walworth","",NA,NA,0,"",0
1,3577163,11,3,5,NA,0,0,0,0,"amt","IND","25","Tiruchchirappalli","",NA,NA,0,"",0.4
1,3600680,2,2,2,NA,0,0,0,0,"cbf","USA","MN","Minneapolis","",NA,NA,0,"",0
1,3600711,50,0,10,NA,0,0,0,0,"cbf","USA","GA","Augusta","",NA,NA,0,"",1
1,3602553,50,2,25,NA,0,0,0,0,"cbf","USA","WV","Beckley","",NA,NA,0,"",0.92
1,3603295,8,3,4,NA,0,0,0,0,"cbf","USA","CA","Montebello","",NA,NA,0,"",0.25
1,3624653,9,1,4,NA,0,0,0,0,"cbf","USA","VA","Richmond","",NA,NA,0,"",0.75
1,3636617,0,0,0,NA,0,0,0,0,"amt","","","","",NA,NA,0,"",1
1,3647748,0,0,0,NA,0,0,0,0,"amt","","","","",NA,NA,0,"",1
1,3650129,5,1,4,NA,0,0,0,0,"cbf","USA","WA","Issaquah","",NA,NA,0,"",0.75
1,3672958,0,0,0,NA,0,0,0,0,"amt","","","","",NA,NA,0,"",1
1,3674331,8,3,4,NA,0,0,0,0,"cbf","USA","NY","New York","",NA,NA,0,"",0.25
1,3707371,25,0,6,NA,0,0,0,0,"cbf","USA","MO","Ballwin","",NA,NA,0,"",1
1,3716957,0,0,0,NA,0,0,0,0,"amt","","","","",NA,NA,0,"",1
1,3750067,0,0,0,NA,0,0,0,0,"amt","","","","",NA,NA,0,"",1
1,3755554,0,0,0,NA,0,0,0,0,"amt","","","","",NA,NA,0,"",1
1,3760121,4,2,2,NA,0,0,0,0,"amt","IND","19","Bangalore","",NA,NA,0,"",0
1,3760711,7,4,4,NA,0,0,0,0,"cbf","USA","AR","Fayetteville","",NA,NA,0,"",0
1,3774537,0,0,0,NA,0,0,0,0,"amt","","","","",NA,NA,0,"",1
1,3791075,3,2,2,NA,0,0,0,0,"amt","IND","16","Pune","",NA,NA,0,"",0
1,3975150,5,1,4,NA,0,0,0,0,"amt","PAK","08","Islamabad","",NA,NA,0,"",0.75
1,4057935,0,0,0,NA,0,0,0,0,"amt","","","","",NA,NA,0,"",1
1,4075329,0,0,0,NA,0,0,0,0,"amt","","","","",NA,NA,0,"",1
1,4089062,0,0,0,NA,0,0,0,0,"amt","","","","",NA,NA,0,"",1
1,4096232,3,3,3,NA,0,0,0,0,"amt","IND","19","Bangalore","",NA,NA,0,"",0
1,4125677,6,2,4,NA,0,0,0,0,"amt","IND","19","Bangalore","",NA,NA,0,"",0.5
1,4155972,0,0,0,NA,0,0,0,0,"amt","","","","",NA,NA,0,"",1
1,4204085,13,3,5,NA,0,0,0,0,"amt","IND","25","Ramanathapuram","",NA,NA,0,"",0.4
1,4219355,0,0,0,NA,0,0,0,0,"amt","","","","",NA,NA,0,"",1
1,4290906,0,0,0,NA,0,0,0,0,"amt","","","","",NA,NA,0,"",1
1,4304264,6,3,3,NA,0,0,0,0,"amt","IND","19","Bangalore","",NA,NA,0,"",0
1,4311573,0,0,0,NA,0,0,0,0,"amt","","","","",NA,NA,0,"",1
1,4313154,0,0,0,NA,0,0,0,0,"amt","","","","",NA,NA,0,"",1
1,4342241,5,1,3,NA,0,0,0,0,"cbf","USA","PA","Plymouth Meeting","",NA,NA,0,"",0.6667
1,4342492,2,1,1,NA,0,0,0,0,"cbf","USA","NM","Carlsbad","",NA,NA,0,"",0
1,4354265,0,0,0,NA,0,0,0,0,"amt","","","","",NA,NA,0,"",1
1,4396122,0,0,0,NA,0,0,0,0,"amt","","","","",NA,NA,0,"",1
1,4400494,8,2,4,NA,0,0,0,0,"cbf","USA","ME","Saco","",NA,NA,0,"",0.5
1,4425572,8,3,4,NA,0,0,0,0,"amt","IND","19","Bangalore","",NA,NA,0,"",0.25
1,4522536,2,0,1,NA,0,0,0,0,"amt","IND","25","Madras","",NA,NA,0,"",1
1,4634272,9,2,6,NA,0,0,0,0,"amt","IND","25","Karur","",NA,NA,0,"",0.6667
1,4637867,0,0,0,NA,0,0,0,0,"amt","","","","",NA,NA,0,"",1
1,4647392,0,0,0,NA,0,0,0,0,"amt","","","","",NA,NA,0,"",1
1,4652872,8,2,5,NA,0,0,0,0,"amt","IND","","","",NA,NA,0,"",0.6
1,4665166,1,0,0,NA,0,0,0,0,"amt","IND","19","Bangalore","",NA,NA,0,"",1
1,4665417,0,0,0,NA,0,0,0,0,"amt","","","","",NA,NA,0,"",1
1,4672607,0,0,0,NA,0,0,0,0,"mob","","","","",NA,NA,0,"",1
1,4688131,10,0,4,NA,0,0,0,0,"zoombucks","CAN","BC","Vancouver","",NA,NA,0,"",1
1,4692908,18,0,4,NA,0,0,0,0,"zoombucks","USA","ME","Saco","",NA,NA,0,"",1
1,4703539,0,0,0,NA,0,0,0,0,"amt","","","","",NA,NA,0,"",1
1,4707218,6,3,4,NA,0,0,0,0,"zoombucks","USA","","","",NA,NA,0,"",0.25
1,4707307,10,4,4,NA,0,0,0,0,"zoombucks","CAN","ON","Toronto","",NA,NA,0,"",0
1,4729929,0,0,0,NA,0,0,0,0,"amt","","","","",NA,NA,0,"",1
1,4764258,0,0,0,NA,0,0,0,0,"amt","","","","",NA,NA,0,"",1
1,4798151,6,2,6,NA,0,0,0,0,"amt","IND","25","Tiruchchirappalli","",NA,NA,0,"",0.6667
1,4893794,0,0,0,NA,0,0,0,0,"cbf","","","","",NA,NA,0,"",1
1,4921169,9,3,4,NA,0,0,0,0,"zoombucks","USA","VA","Lynchburg","",NA,NA,0,"",0.25
1,4933008,0,0,0,NA,0,0,0,0,"amt","","","","",NA,NA,0,"",1
1,5014291,50,0,5,NA,0,0,0,0,"zoombucks","ROU","10","Bucharest","",NA,NA,0,"",1
1,5014547,7,2,5,NA,0,0,0,0,"cbf","POL","73","Polska","",NA,NA,0,"",0.6
1,5040847,0,0,0,NA,0,0,0,0,"zoombucks","","","","",NA,NA,0,"",1
1,5053620,11,3,4,NA,0,0,0,0,"amt","IND","25","Madras","",NA,NA,0,"",0.25
1,5138531,5,2,4,NA,0,0,0,0,"cbf","USA","NY","Westfield","",NA,NA,0,"",0.5
1,5199723,7,3,4,NA,0,0,0,0,"zoombucks","USA","NY","Forest Hills","",NA,NA,0,"",0.25
1,5213140,0,0,0,NA,0,0,0,0,"amt","","","","",NA,NA,0,"",1
1,5223232,0,0,0,NA,0,0,0,0,"amt","","","","",NA,NA,0,"",1
1,5245056,8,0,4,NA,0,0,0,0,"cbf","USA","FL","Palatka","",NA,NA,0,"",1
1,5265721,0,0,0,NA,0,0,0,0,"amt","","","","",NA,NA,0,"",1
1,5425025,0,0,0,NA,0,0,0,0,"amt","","","","",NA,NA,0,"",1
1,5454260,8,3,4,NA,0,0,0,0,"zoombucks","USA","NJ","Edison","",NA,NA,0,"",0.25
1,5505960,1,0,0,NA,0,0,0,0,"amt","IND","19","Bangalore","",NA,NA,0,"",1
1,5516041,0,0,0,NA,0,0,0,0,"amt","","","","",NA,NA,0,"",1
1,5522151,1,0,0,NA,0,0,0,0,"zoombucks","IDN","04","Jakarta","",NA,NA,0,"",1
1,5528693,0,0,0,NA,0,0,0,0,"amt","","","","",NA,NA,0,"",1
1,5537363,0,0,0,NA,0,0,0,0,"amt","","","","",NA,NA,0,"",1
1,5570833,3,0,2,NA,0,0,0,0,"amt","IND","25","Madras","",NA,NA,0,"",1
1,5597789,27,1,13,NA,0,0,0,0,"fusioncash","USA","CA","Salinas","",NA,NA,0,"",0.9231
1,5611095,4,1,2,NA,0,0,0,0,"amt","IND","25","Tiruchchirappalli","",NA,NA,0,"",0.5
1,5653001,2,0,1,NA,0,0,0,0,"fusioncash","USA","CA","Stockton","",NA,NA,0,"",1
1,5654798,0,0,0,NA,0,0,0,0,"amt","","","","",NA,NA,0,"",1
1,5663136,1,0,1,NA,0,0,0,0,"amt","IND","13","Thiruvananthapuram","",NA,NA,0,"",1
1,5665913,2,0,1,NA,0,0,0,0,"amt","IND","16","Pune","",NA,NA,0,"",1
1,5678812,6,3,4,NA,0,0,0,0,"amt","IND","25","Tiruchchirappalli","",NA,NA,0,"",0.25
1,5679027,0,0,0,NA,0,0,0,0,"amt","","","","",NA,NA,0,"",1
1,5680371,0,0,0,NA,0,0,0,0,"amt","","","","",NA,NA,0,"",1
1,5694220,0,0,0,NA,0,0,0,0,"amt","","","","",NA,NA,0,"",1
1,5732942,5,2,5,NA,0,0,0,0,"cbf","USA","WA","Vancouver","",NA,NA,0,"",0.6
1,5733096,8,2,5,NA,0,0,0,0,"fusioncash","USA","UT","Orem","",NA,NA,0,"",0.6
1,5740235,6,0,4,NA,0,0,0,0,"getpaid","BRA","29","Mineiros","",NA,NA,0,"",1
1,5787217,0,0,0,NA,0,0,0,0,"amt","","","","",NA,NA,0,"",1
1,5790900,0,0,0,NA,0,0,0,0,"amt","","","","",NA,NA,0,"",1
1,5798285,0,0,0,NA,0,0,0,0,"cbf","","","","",NA,NA,0,"",1
1,5803999,50,4,26,NA,0,0,0,0,"amt","IND","02","Hyderabad","",NA,NA,0,"",0.8462
1,5839149,7,3,4,NA,0,0,0,0,"zoombucks","USA","NY","Rye","",NA,NA,0,"",0.25
1,5842346,0,0,0,NA,0,0,0,0,"amt","","","","",NA,NA,0,"",1
1,5854300,11,3,4,NA,0,0,0,0,"zoombucks","USA","NJ","Edison","",NA,NA,0,"",0.25
1,5864572,0,0,0,NA,0,0,0,0,"cbf","","","","",NA,NA,0,"",1
1,5865309,8,0,4,NA,0,0,0,0,"cbf","USA","NY","East Elmhurst","",NA,NA,0,"",1
1,5873949,50,1,13,NA,0,0,0,0,"cbf","USA","NY","New York","",NA,NA,0,"",0.9231
1,5883092,17,3,4,NA,0,0,0,0,"cbf","USA","FL","Sebring","",NA,NA,0,"",0.25
1,5919735,8,3,4,NA,0,0,0,0,"zoombucks","USA","PA","Philadelphia","",NA,NA,0,"",0.25
1,5921318,0,0,0,NA,0,0,0,0,"amt","","","","",NA,NA,0,"",1
1,5924508,7,0,2,NA,0,0,0,0,"amt","IND","25","Tiruchchirappalli","",NA,NA,0,"",1
1,5954728,8,2,4,NA,0,0,0,0,"amt","IND","19","Bangalore","",NA,NA,0,"",0.5
1,5958428,0,0,0,NA,0,0,0,0,"amt","","","","",NA,NA,0,"",1
1,5972888,0,0,0,NA,0,0,0,0,"amt","","","","",NA,NA,0,"",1
1,5992620,0,0,0,NA,0,0,0,0,"amt","","","","",NA,NA,0,"",1
1,5998865,0,0,0,NA,0,0,0,0,"amt","","","","",NA,NA,0,"",1
1,6012239,0,0,0,NA,0,0,0,0,"amt","","","","",NA,NA,0,"",1
1,6026750,13,0,9,NA,0,0,0,0,"getpaid","ITA","04","Naples","",NA,NA,0,"",1
1,6054244,0,0,0,NA,0,0,0,0,"zoombucks","","","","",NA,NA,0,"",1
1,6054247,12,3,4,NA,0,0,0,0,"amt","IND","25","Madras","",NA,NA,0,"",0.25
1,6065636,0,0,0,NA,0,0,0,0,"getpaid","","","","",NA,NA,0,"",1
1,6068757,0,0,0,NA,0,0,0,0,"amt","","","","",NA,NA,0,"",1
1,6075791,0,0,0,NA,0,0,0,0,"amt","","","","",NA,NA,0,"",1
1,6080078,5,3,4,NA,0,0,0,0,"amt","IND","25","Tiruchchirappalli","",NA,NA,0,"",0.25
1,6082666,0,0,0,NA,0,0,0,0,"amt","","","","",NA,NA,0,"",1
1,6092975,0,0,0,NA,0,0,0,0,"amt","","","","",NA,NA,0,"",1
1,6094706,0,0,0,NA,0,0,0,0,"amt","","","","",NA,NA,0,"",1
1,6096277,0,0,0,NA,0,0,0,0,"amt","","","","",NA,NA,0,"",1
1,6098313,10,2,5,NA,0,0,0,0,"amt","IND","02","Hyderabad","",NA,NA,0,"",0.6
1,6111409,22,0,6,NA,0,0,0,0,"fusioncash","USA","OH","Salem","",NA,NA,0,"",1
1,6139862,6,2,5,NA,0,0,0,0,"amt","IND","07","Delhi","",NA,NA,0,"",0.6
1,6157119,0,0,0,NA,0,0,0,0,"amt","","","","",NA,NA,0,"",1
1,6157250,13,2,5,NA,0,0,0,0,"amt","MKD","41","Skopje","",NA,NA,0,"",0.6
1,6166312,9,3,4,NA,0,0,0,0,"zoombucks","USA","CO","Florissant","",NA,NA,0,"",0.25
1,6191097,10,0,4,NA,0,0,0,0,"zoombucks","USA","AL","Montgomery","",NA,NA,0,"",1
1,6204179,0,0,0,NA,0,0,0,0,"amt","","","","",NA,NA,0,"",1
1,6217463,7,3,4,NA,0,0,0,0,"amt","IND","25","Madras","",NA,NA,0,"",0.25
1,6241883,14,3,5,NA,0,0,0,0,"amt","MKD","41","Skopje","",NA,NA,0,"",0.4
1,6266103,0,0,0,NA,0,0,0,0,"amt","","","","",NA,NA,0,"",1
1,6279813,6,3,4,NA,0,0,0,0,"zoombucks","CAN","BC","Vancouver","",NA,NA,0,"",0.25
1,6284897,0,0,0,NA,0,0,0,0,"amt","","","","",NA,NA,0,"",1
1,6292670,11,3,4,NA,0,0,0,0,"amt","VCT","04","Kingstown","",NA,NA,0,"",0.25
1,6304788,4,2,3,NA,0,0,0,0,"getpaid","ARG","01","Quilmes","",NA,NA,0,"",0.3333
1,6316468,0,0,0,NA,0,0,0,0,"amt","","","","",NA,NA,0,"",1
1,6326142,6,0,4,NA,0,0,0,0,"zoombucks","CAN","ON","Kitchener","",NA,NA,0,"",1
1,6334629,0,0,0,NA,0,0,0,0,"amt","","","","",NA,NA,0,"",1
1,6340814,7,2,4,NA,0,0,0,0,"fusioncash","USA","FL","Saint Petersburg","",NA,NA,0,"",0.5
1,6373305,4,3,4,NA,0,0,0,0,"amt","IND","25","Madras","",NA,NA,0,"",0.25
1,6427548,0,0,0,NA,0,0,0,0,"amt","","","","",NA,NA,0,"",1
1,6438612,0,0,0,NA,0,0,0,0,"amt","","","","",NA,NA,0,"",1
1,6455006,0,0,0,NA,0,0,0,0,"amt","","","","",NA,NA,0,"",1
1,6459565,23,0,5,NA,0,0,0,0,"fusioncash","USA","CA","Blythe","",NA,NA,0,"",1
1,6466762,0,0,0,NA,0,0,0,0,"amt","","","","",NA,NA,0,"",1
1,6467540,1,1,1,NA,0,0,0,0,"amt","IND","02","Hyderabad","",NA,NA,0,"",0
1,6468803,0,0,0,NA,0,0,0,0,"getpaid","","","","",NA,NA,0,"",1
1,6472446,1,1,1,NA,0,0,0,0,"cbf","USA","NJ","Camden","",NA,NA,0,"",0
1,6489085,0,0,0,NA,0,0,0,0,"cbf","","","","",NA,NA,0,"",1
1,6498828,9,4,4,NA,0,0,0,0,"zoombucks","CAN","BC","Vancouver","",NA,NA,0,"",0
1,6507521,0,0,0,NA,0,0,0,0,"amt","","","","",NA,NA,0,"",1
1,6516043,0,0,0,NA,0,0,0,0,"amt","","","","",NA,NA,0,"",1
1,6522489,8,0,5,NA,0,0,0,0,"getpaid","IND","28","Kolkata","",NA,NA,0,"",1
1,6544973,0,0,0,NA,0,0,0,0,"amt","","","","",NA,NA,0,"",1
1,6550480,0,0,0,NA,0,0,0,0,"amt","","","","",NA,NA,0,"",1
1,6570955,3,0,2,NA,0,0,0,0,"getpaid","ISR","05","Holon","",NA,NA,0,"",1
1,6611915,0,0,0,NA,0,0,0,0,"cbf","","","","",NA,NA,0,"",1
1,6615248,8,3,4,NA,0,0,0,0,"cbf","USA","IL","Chicago","",NA,NA,0,"",0.25
1,6621481,0,0,0,NA,0,0,0,0,"zoombucks","","","","",NA,NA,0,"",1
1,6627790,0,0,0,NA,0,0,0,0,"amt","","","","",NA,NA,0,"",1
1,6638899,0,0,0,NA,0,0,0,0,"amt","","","","",NA,NA,0,"",1
1,6639219,5,4,4,NA,0,0,0,0,"fusioncash","USA","NY","Brooklyn","",NA,NA,0,"",0
1,6672278,0,0,0,NA,0,0,0,0,"amt","","","","",NA,NA,0,"",1
1,6685112,6,0,4,NA,0,0,0,0,"cbf","USA","TX","Azle","",NA,NA,0,"",1
1,6705569,1,0,0,NA,0,0,0,0,"amt","IND","19","Bangalore","",NA,NA,0,"",1
1,6717812,6,2,3,NA,0,0,0,0,"getpaid","IND","28","Kolkata","",NA,NA,0,"",0.3333
1,6751098,0,0,0,NA,0,0,0,0,"getpaid","","","","",NA,NA,0,"",1
1,6764505,0,0,0,NA,0,0,0,0,"amt","","","","",NA,NA,0,"",1
1,6777602,0,0,0,NA,0,0,0,0,"amt","","","","",NA,NA,0,"",1
1,6796958,0,0,0,NA,0,0,0,0,"amt","","","","",NA,NA,0,"",1
1,6863550,5,2,4,NA,0,0,0,0,"amt","IND","16","Mumbai","",NA,NA,0,"",0.5
1,6883971,0,0,0,NA,0,0,0,0,"amt","","","","",NA,NA,0,"",1
1,6891428,0,0,0,NA,0,0,0,0,"amt","","","","",NA,NA,0,"",1
1,6906181,0,0,0,NA,0,0,0,0,"amt","","","","",NA,NA,0,"",1
1,6916555,1,0,0,NA,0,0,0,0,"amt","IND","25","Madras","",NA,NA,0,"",1
1,6923514,14,0,4,NA,0,0,0,0,"getpaid","BEL","","","",NA,NA,0,"",1
1,7016073,7,2,4,NA,0,0,0,0,"zoombucks","USA","NY","New York","",NA,NA,0,"",0.5
1,7020709,0,0,0,NA,0,0,0,0,"amt","","","","",NA,NA,0,"",1
1,7026358,42,1,12,NA,0,0,0,0,"zoombucks","GBR","A7","Birmingham","",NA,NA,0,"",0.9167
1,7053761,0,0,0,NA,0,0,0,0,"amt","","","","",NA,NA,0,"",1
1,7083577,6,2,3,NA,0,0,0,0,"amt","IND","19","Bangalore","",NA,NA,0,"",0.3333
1,7085284,0,0,0,NA,0,0,0,0,"amt","","","","",NA,NA,0,"",1
1,7093220,0,0,0,NA,0,0,0,0,"amt","","","","",NA,NA,0,"",1
1,7101947,0,0,0,NA,0,0,0,0,"amt","","","","",NA,NA,0,"",1
1,7102690,2,1,1,NA,0,0,0,0,"amt","IND","19","Bangalore","",NA,NA,0,"",0
1,7134497,8,0,4,NA,0,0,0,0,"fusioncash","USA","UT","Logan","",NA,NA,0,"",1
1,7141099,0,0,0,NA,0,0,0,0,"amt","","","","",NA,NA,0,"",1
1,7142119,2,1,2,NA,0,0,0,0,"amt","USA","IN","Lafayette","",NA,NA,0,"",0.5
1,7145224,16,0,6,NA,0,0,0,0,"zoombucks","USA","NY","East Elmhurst","",NA,NA,0,"",1
1,7146882,5,0,2,NA,0,0,0,0,"getpaid","EGY","11","Cairo","",NA,NA,0,"",1
1,7153866,10,3,4,NA,0,0,0,0,"cbf","USA","CO","Grand Junction","",NA,NA,0,"",0.25
1,7155214,7,2,5,NA,0,0,0,0,"getpaid","CHE","04","Basel","",NA,NA,0,"",0.6
1,7169768,7,1,4,NA,0,0,0,0,"getpaid","SRB","00","Belgrade","",NA,NA,0,"",0.75
1,7188553,50,0,7,NA,0,0,0,0,"cbf","USA","NV","Fallon","",NA,NA,0,"",1
1,7247972,0,0,0,NA,0,0,0,0,"amt","","","","",NA,NA,0,"",1
1,7259459,2,2,2,NA,0,0,0,0,"sedgroup","CAN","NL","Saint John's","",NA,NA,0,"",0
1,7296465,10,3,4,NA,0,0,0,0,"zoombucks","USA","NY","Stanfordville","",NA,NA,0,"",0.25
1,7300519,2,1,1,NA,0,0,0,0,"zoombucks","USA","NY","Stanfordville","",NA,NA,0,"",0
1,7302025,0,0,0,NA,0,0,0,0,"amt","","","","",NA,NA,0,"",1
1,7320883,7,3,4,NA,0,0,0,0,"zoombucks","AUS","02","Sydney","",NA,NA,0,"",0.25
1,7321198,6,1,4,NA,0,0,0,0,"amt","PAK","08","Islamabad","",NA,NA,0,"",0.75
1,7321652,6,3,4,NA,0,0,0,0,"amt","USA","NY","Centereach","",NA,NA,0,"",0.25
1,7322627,1,0,1,NA,0,0,0,0,"zoombucks","IDN","10","Yogyakarta","",NA,NA,0,"",1
1,7323101,6,2,3,NA,0,0,0,0,"getpaid","GBR","","","",NA,NA,0,"",0.3333
1,7324459,0,0,0,NA,0,0,0,0,"amt","","","","",NA,NA,0,"",1
1,7337868,13,3,4,NA,0,0,0,0,"zoombucks","CAN","ON","Kingston","",NA,NA,0,"",0.25
1,7342707,4,3,4,NA,0,0,0,0,"cbf","USA","NJ","Edison","",NA,NA,0,"",0.25
1,7364294,0,0,0,NA,0,0,0,0,"getpaid","","","","",NA,NA,0,"",1
1,7376947,0,0,0,NA,0,0,0,0,"amt","","","","",NA,NA,0,"",1
1,7385617,7,0,4,NA,0,0,0,0,"zoombucks","CAN","ON","North Bay","",NA,NA,0,"",1
1,7386102,0,0,0,NA,0,0,0,0,"amt","","","","",NA,NA,0,"",1
1,7403522,0,0,0,NA,0,0,0,0,"amt","","","","",NA,NA,0,"",1
1,7407831,0,0,0,NA,0,0,0,0,"amt","","","","",NA,NA,0,"",1
1,7431895,7,2,4,NA,0,0,0,0,"fusioncash","USA","FL","Bonifay","",NA,NA,0,"",0.5
1,7437245,8,3,4,NA,0,0,0,0,"fusioncash","USA","GA","Duluth","",NA,NA,0,"",0.25
1,7450511,3,0,0,NA,0,0,0,0,"sedgroup","CAN","ON","Brampton","",NA,NA,0,"",1
1,7453165,0,0,0,NA,0,0,0,0,"amt","","","","",NA,NA,0,"",1
1,7460716,0,0,0,NA,0,0,0,0,"amt","","","","",NA,NA,0,"",1
1,7463277,5,2,4,NA,0,0,0,0,"fusioncash","USA","LA","Monroe","",NA,NA,0,"",0.5
1,7466606,0,0,0,NA,0,0,0,0,"amt","","","","",NA,NA,0,"",1
1,7486340,7,3,4,NA,0,0,0,0,"fusioncash","USA","CA","Arcadia","",NA,NA,0,"",0.25
1,7499372,0,0,0,NA,0,0,0,0,"amt","","","","",NA,NA,0,"",1
1,7499818,3,1,2,NA,0,0,0,0,"amt","IND","19","Bangalore","",NA,NA,0,"",0.5
1,7500743,1,0,1,NA,0,0,0,0,"getpaid","ITA","20","Verona","",NA,NA,0,"",1
1,7509850,5,3,4,NA,0,0,0,0,"cbf","USA","NH","Nashua","",NA,NA,0,"",0.25
1,7524814,5,2,3,NA,0,0,0,0,"cbf","USA","OH","Bucyrus","",NA,NA,0,"",0.3333
1,7545378,2,0,2,NA,0,0,0,0,"zoombucks","USA","NJ","Long Branch","",NA,NA,0,"",1
1,7553943,4,0,3,NA,0,0,0,0,"cbf","USA","TX","Houston","",NA,NA,0,"",1
1,7555339,0,0,0,NA,0,0,0,0,"amt","","","","",NA,NA,0,"",1
1,7558714,0,0,0,NA,0,0,0,0,"amt","","","","",NA,NA,0,"",1
1,7564224,15,1,7,NA,0,0,0,0,"fusioncash","CAN","NL","Saint John's","",NA,NA,0,"",0.8571
1,7568763,0,0,0,NA,0,0,0,0,"amt","","","","",NA,NA,0,"",1
1,7569067,0,0,0,NA,0,0,0,0,"amt","","","","",NA,NA,0,"",1
1,7600479,0,0,0,NA,0,0,0,0,"amt","","","","",NA,NA,0,"",1
1,7618811,7,2,4,NA,0,0,0,0,"amt","IND","25","Karur","",NA,NA,0,"",0.5
1,7620828,0,0,0,NA,0,0,0,0,"amt","","","","",NA,NA,0,"",1
1,7644115,2,1,2,NA,0,0,0,0,"fusioncash","PRI","00","San Juan","",NA,NA,0,"",0.5
1,7658984,6,1,5,NA,1,0,0,0,"zoombucks","IND","16","Mumbai","",NA,NA,0,"",0.8
1,7666167,5,2,4,NA,0,0,0,0,"zoombucks","IND","19","Bangalore","",NA,NA,0,"",0.5
1,7676801,0,0,0,NA,0,0,0,0,"amt","","","","",NA,NA,0,"",1
1,7692924,0,0,0,NA,0,0,0,0,"amt","","","","",NA,NA,0,"",1
1,7693162,0,0,0,NA,0,0,0,0,"amt","","","","",NA,NA,0,"",1
1,7718432,0,0,0,NA,0,0,0,0,"amt","","","","",NA,NA,0,"",1
1,7726140,1,0,1,NA,0,0,0,0,"amt","USA","IL","Schaumburg","",NA,NA,0,"",1
1,7734342,0,0,0,NA,0,0,0,0,"amt","","","","",NA,NA,0,"",1
1,7737648,6,2,5,NA,0,0,0,0,"cbf","CAN","BC","Vancouver","",NA,NA,0,"",0.6
1,7742305,5,3,4,NA,0,0,0,0,"getpaid","ISR","01","Ashqelon","",NA,NA,0,"",0.25
1,7754894,2,0,0,NA,0,0,0,0,"getpaid","BRB","08","Bridgetown","",NA,NA,0,"",1
1,7759818,0,0,0,NA,0,0,0,0,"amt","","","","",NA,NA,0,"",1
1,7762692,0,0,0,NA,0,0,0,0,"cbf","","","","",NA,NA,0,"",1
1,7767215,9,3,4,NA,0,0,0,0,"getpaid","GBR","B7","Bristol","",NA,NA,0,"",0.25
1,7773740,0,0,0,NA,0,0,0,0,"amt","","","","",NA,NA,0,"",1
1,7807672,0,0,0,NA,0,0,0,0,"amt","","","","",NA,NA,0,"",1
1,7819459,10,2,5,NA,0,0,0,0,"getpaid","BLR","03","Grodno","",NA,NA,0,"",0.6
1,7820297,0,0,0,NA,0,0,0,0,"amt","","","","",NA,NA,0,"",1
1,7820620,13,0,5,NA,0,0,0,0,"fusioncash","USA","PA","Northumberland","",NA,NA,0,"",1
1,7835246,1,0,1,NA,0,0,0,0,"amt","IND","19","Bangalore","",NA,NA,0,"",1
1,7838478,0,0,0,NA,0,0,0,0,"amt","","","","",NA,NA,0,"",1
1,7849051,0,0,0,NA,0,0,0,0,"getpaid","","","","",NA,NA,0,"",1
1,7850567,7,3,6,NA,0,0,0,0,"cbf","USA","NY","New York","",NA,NA,0,"",0.5
1,7853196,27,0,8,NA,0,0,0,0,"amt","CAN","NB","Moncton","",NA,NA,0,"",1
1,7864245,9,3,4,NA,0,0,0,0,"zoombucks","CAN","ON","Ottawa","",NA,NA,0,"",0.25
1,7865040,4,2,3,NA,0,0,0,0,"getpaid","MKD","98","Stip","",NA,NA,0,"",0.3333
1,7865355,0,0,0,NA,0,0,0,0,"amt","","","","",NA,NA,0,"",1
1,7866567,0,0,0,NA,0,0,0,0,"amt","","","","",NA,NA,0,"",1
1,7873802,2,1,1,NA,0,0,0,0,"zoombucks","USA","MI","Bay City","",NA,NA,0,"",0
1,7875524,11,0,4,NA,0,0,0,0,"cbf","CAN","ON","Kitchener","",NA,NA,0,"",1
1,7877401,6,4,4,NA,0,0,0,0,"amt","IND","07","Delhi","",NA,NA,0,"",0
1,7886038,0,0,0,NA,0,0,0,0,"amt","","","","",NA,NA,0,"",1
1,7890416,0,0,0,NA,0,0,0,0,"getpaid","","","","",NA,NA,0,"",1
1,7891056,1,0,0,NA,0,0,0,0,"amt","MKD","52","Kriva Palanka","",NA,NA,0,"",1
1,7891525,0,0,0,NA,0,1,0,0,"sedgroup","","","","",NA,NA,0,"",1
1,7893435,6,4,4,NA,0,0,0,0,"getpaid","PHL","F2","Quezon City","",NA,NA,0,"",0
1,7903230,0,0,0,NA,0,0,0,0,"amt","","","","",NA,NA,0,"",1
1,7908239,0,0,0,NA,0,0,0,0,"amt","","","","",NA,NA,0,"",1
1,7918256,0,0,0,NA,0,0,0,0,"amt","","","","",NA,NA,0,"",1
1,7923372,11,3,4,NA,0,0,0,0,"getpaid","NGA","05","Lagos","",NA,NA,0,"",0.25
1,7928052,0,0,0,NA,0,0,0,0,"amt","","","","",NA,NA,0,"",1
1,7940202,0,0,0,NA,0,0,0,0,"amt","","","","",NA,NA,0,"",1
1,7947580,0,0,0,NA,0,0,0,0,"amt","","","","",NA,NA,0,"",1
1,7950774,1,0,0,NA,0,0,0,0,"zoombucks","CAN","ON","Toronto","",NA,NA,0,"",1
1,7958530,0,0,0,NA,0,0,0,0,"amt","","","","",NA,NA,0,"",1
1,7959111,0,0,0,NA,0,0,0,0,"amt","","","","",NA,NA,0,"",1
1,7960323,0,0,0,NA,0,0,0,0,"amt","","","","",NA,NA,0,"",1
1,7960776,0,0,0,NA,0,0,0,0,"amt","","","","",NA,NA,0,"",1
1,7964674,0,0,0,NA,0,0,0,0,"amt","","","","",NA,NA,0,"",1
1,7969987,1,0,0,NA,0,0,0,0,"amt","USA","KY","Louisville","",NA,NA,0,"",1
1,7974128,0,0,0,NA,0,0,0,0,"amt","","","","",NA,NA,0,"",1
1,7974266,33,0,5,NA,0,0,0,0,"zoombucks","USA","NC","Laurel Springs","",NA,NA,0,"",1
1,7975237,0,0,0,NA,0,0,0,0,"fusioncash","","","","",NA,NA,0,"",1
1,7980455,0,0,0,NA,0,0,0,0,"amt","","","","",NA,NA,0,"",1
1,7981270,2,0,1,NA,0,0,0,0,"amt","SVN","","","",NA,NA,0,"",1
1,7986403,2,1,1,NA,0,0,0,0,"zoombucks","USA","CA","La Jolla","",NA,NA,0,"",0
1,7990029,7,0,2,NA,0,0,0,0,"fusioncash","USA","FL","Fort Lauderdale","",NA,NA,0,"",1
1,7990082,0,0,0,NA,0,0,0,0,"amt","","","","",NA,NA,0,"",1
1,7992884,0,0,0,NA,0,0,0,0,"amt","","","","",NA,NA,0,"",1
1,7994463,4,0,3,NA,0,0,0,0,"cbf","USA","WA","Issaquah","",NA,NA,0,"",1
1,7995244,0,0,0,NA,0,0,0,0,"amt","","","","",NA,NA,0,"",1
1,7996871,0,0,0,NA,0,0,0,0,"amt","","","","",NA,NA,0,"",1
1,7999133,0,0,0,NA,0,0,0,0,"amt","","","","",NA,NA,0,"",1
1,8001467,0,0,0,NA,0,0,0,0,"amt","","","","",NA,NA,0,"",1
1,8001563,0,0,0,NA,0,0,0,0,"amt","","","","",NA,NA,0,"",1
1,8002866,6,4,4,NA,0,0,0,0,"amt","IND","25","Madras","",NA,NA,0,"",0
1,8004169,0,0,0,NA,0,0,0,0,"amt","","","","",NA,NA,0,"",1
1,8005372,0,0,0,NA,0,0,0,0,"amt","","","","",NA,NA,0,"",1
1,8011892,2,1,1,NA,0,0,0,0,"fusioncash","USA","AL","Frisco City","",NA,NA,0,"",0
1,8013810,0,0,0,NA,0,1,0,0,"amt","","","","",NA,NA,0,"",1
1,8014711,0,0,0,NA,0,0,0,0,"amt","","","","",NA,NA,0,"",1
1,8018408,1,0,0,NA,0,0,0,0,"getpaid","ARG","19","San Luis","",NA,NA,0,"",1
1,8018744,1,0,1,NA,0,0,0,0,"getpaid","IDN","04","Jakarta","",NA,NA,0,"",1
1,8019163,13,2,4,NA,0,0,0,0,"zoombucks","USA","CA","Los Angeles","",NA,NA,0,"",0.5
1,8021337,0,0,0,NA,0,0,0,0,"amt","","","","",NA,NA,0,"",1
1,8022776,31,0,8,NA,0,0,0,0,"amt","USA","AZ","Phoenix","",NA,NA,0,"",1
1,8023230,3,1,2,NA,0,0,0,0,"getpaid","PHL","05","Bagumbayan","",NA,NA,0,"",0.5
1,8023270,0,0,0,NA,0,0,0,0,"amt","","","","",NA,NA,0,"",1
1,8023686,0,0,0,NA,0,0,0,0,"amt","","","","",NA,NA,0,"",1
1,8028574,15,2,5,NA,0,0,0,0,"getpaid","USA","DE","Wilmington","",NA,NA,0,"",0.6
1,8031185,0,0,0,NA,0,0,0,0,"amt","","","","",NA,NA,0,"",1
1,8032470,0,0,0,NA,0,0,0,0,"amt","","","","",NA,NA,0,"",1
1,8034455,4,3,4,NA,0,0,0,0,"getpaid","MYS","14","Kuala Lumpur","",NA,NA,0,"",0.25
1,8038661,10,2,4,NA,0,0,0,0,"amt","MKD","","","",NA,NA,0,"",0.5
1,8039380,0,0,0,NA,0,0,0,0,"amt","","","","",NA,NA,0,"",1
1,8040131,15,0,5,NA,0,0,0,0,"amt","USA","LA","Springhill","",NA,NA,0,"",1
1,8043939,0,0,0,NA,0,0,0,0,"amt","","","","",NA,NA,0,"",1
1,8044897,0,0,0,NA,0,0,0,0,"amt","","","","",NA,NA,0,"",1
1,8045855,5,1,4,NA,0,0,0,0,"amt","IND","19","Bangalore","",NA,NA,0,"",0.75
1,8047174,0,0,0,NA,0,0,0,0,"amt","","","","",NA,NA,0,"",1
1,8048623,0,0,0,NA,0,0,0,0,"amt","","","","",NA,NA,0,"",1
1,8050851,2,1,1,NA,0,0,0,0,"amt","IND","02","Hyderabad","",NA,NA,0,"",0
1,8053385,23,0,10,NA,0,1,0,0,"getpaid","ESP","56","Lleida","",NA,NA,0,"",1
1,8054616,17,2,9,NA,0,0,0,0,"getpaid","COL","02","Medellín","",NA,NA,0,"",0.7778
1,8055886,8,2,4,NA,0,0,0,0,"getpaid","PHL","D9","Makati","",NA,NA,0,"",0.5
1,8057913,2,0,2,NA,0,0,0,0,"amt","EST","20","Viljandi","",NA,NA,0,"",1
1,8058228,0,0,0,NA,0,0,0,0,"getpaid","","","","",NA,NA,0,"",1
1,8059418,0,0,0,NA,0,0,0,0,"amt","","","","",NA,NA,0,"",1
1,8060107,2,0,1,NA,0,0,0,0,"fusioncash","USA","NV","Las Vegas","",NA,NA,0,"",1
1,8060286,4,2,2,NA,0,0,0,0,"getpaid","USA","CA","Kelseyville","",NA,NA,0,"",0
1,8060586,0,0,0,NA,0,0,0,0,"amt","","","","",NA,NA,0,"",1
1,8060657,5,3,4,NA,0,0,0,0,"getpaid","USA","CA","Torrance","",NA,NA,0,"",0.25
1,8060804,7,3,4,NA,0,0,0,0,"getpaid","BOL","02","Cochabamba","",NA,NA,0,"",0.25
1,8060810,15,1,4,NA,0,0,0,0,"getpaid","MAR","40","Tétouan","",NA,NA,0,"",0.75
1,8061162,2,0,0,NA,0,0,0,0,"getpaid","IDN","","","",NA,NA,0,"",1
1,8061203,5,3,3,NA,0,0,0,0,"getpaid","ISR","05","Holon","",NA,NA,0,"",0
1,8061256,30,0,11,NA,0,0,0,0,"getpaid","COL","02","Medellín","",NA,NA,0,"",1
1,8061839,7,3,4,NA,0,0,0,0,"getpaid","CZE","52","Prague","",NA,NA,0,"",0.25
1,8062206,6,2,4,NA,0,0,0,0,"getpaid","PRT","11","Guarda","",NA,NA,0,"",0.5
1,8062324,4,3,4,NA,0,0,0,0,"getpaid","EGY","06","Alexandria","",NA,NA,0,"",0.25
1,8062456,5,0,3,NA,0,0,0,0,"amt","USA","NM","Albuquerque","",NA,NA,0,"",1
1,8062549,0,0,0,NA,0,0,0,0,"amt","","","","",NA,NA,0,"",1
1,8062867,0,0,0,NA,0,0,0,0,"amt","","","","",NA,NA,0,"",1
1,8063144,1,1,1,NA,0,0,0,0,"amt","GBR","F9","Uxbridge","",NA,NA,0,"",0
1,8064098,0,0,0,NA,0,0,0,0,"amt","","","","",NA,NA,0,"",1
1,8064805,0,0,0,NA,0,0,0,0,"amt","","","","",NA,NA,0,"",1
1,8065315,0,0,0,NA,0,0,0,0,"amt","","","","",NA,NA,0,"",1
1,8065593,1,1,1,NA,0,0,0,0,"getpaid","BGD","81","Dhaka","",NA,NA,0,"",0
1,8065618,2,0,1,NA,0,0,0,0,"amt","USA","MD","Baltimore","",NA,NA,0,"",1
1,8067053,0,0,0,NA,0,0,0,0,"amt","","","","",NA,NA,0,"",1
1,8068937,0,0,0,NA,0,0,0,0,"amt","","","","",NA,NA,0,"",1
1,8071959,0,0,0,NA,0,0,0,0,"amt","","","","",NA,NA,0,"",1
1,8072659,0,0,0,NA,0,0,0,0,"amt","","","","",NA,NA,0,"",1
1,8078100,0,0,0,NA,0,0,0,0,"amt","","","","",NA,NA,0,"",1
1,8088556,0,0,0,NA,0,0,0,0,"amt","","","","",NA,NA,0,"",1
1,8093157,0,0,0,NA,0,0,0,0,"amt","","","","",NA,NA,0,"",1
1,8096034,0,0,0,NA,0,0,0,0,"amt","","","","",NA,NA,0,"",1
1,8096804,0,0,0,NA,0,0,0,0,"amt","","","","",NA,NA,0,"",1
1,8117919,0,0,0,NA,0,0,0,0,"amt","","","","",NA,NA,0,"",1
1,8129831,0,0,0,NA,0,0,0,0,"amt","","","","",NA,NA,0,"",1
1,8135928,0,0,0,NA,0,0,0,0,"amt","","","","",NA,NA,0,"",1
1,8148762,0,0,0,NA,0,0,0,0,"amt","","","","",NA,NA,0,"",1
1,8150129,0,0,0,NA,0,0,0,0,"amt","","","","",NA,NA,0,"",1
1,8158542,0,0,0,NA,0,0,0,0,"amt","","","","",NA,NA,0,"",1
1,8162265,0,0,0,NA,0,0,0,0,"amt","","","","",NA,NA,0,"",1
1,8171484,0,0,0,NA,0,0,0,0,"amt","","","","",NA,NA,0,"",1
1,8182054,0,0,0,NA,0,0,0,0,"amt","","","","",NA,NA,0,"",1
1,8183725,0,0,0,NA,0,0,0,0,"amt","","","","",NA,NA,0,"",1
1,8185776,0,0,0,NA,0,0,0,0,"amt","","","","",NA,NA,0,"",1
1,8190628,0,0,0,NA,0,0,0,0,"amt","","","","",NA,NA,0,"",1
2,1,0,0,0,NA,0,0,0,0,"amt","","","","",NA,NA,0,"",1
2,2078,0,0,0,NA,0,0,0,0,"amt","","","","",NA,NA,0,"",1
2,28679,15,0,4,NA,0,0,0,0,"amt","USA","WA","Vancouver","",NA,NA,0,"",1
2,34201,0,0,0,NA,0,0,0,0,"amt","","","","",NA,NA,0,"",1
2,35190,0,0,0,NA,0,0,0,0,"amt","","","","",NA,NA,0,"",1
2,47171,2,1,1,NA,0,0,0,0,"amt","USA","CA","San Diego","",NA,NA,0,"",0
2,61513,0,0,0,NA,0,0,0,0,"amt","","","","",NA,NA,0,"",1
2,127592,0,0,0,NA,0,0,0,0,"amt","","","","",NA,NA,0,"",1
2,129110,0,0,0,NA,0,0,0,0,"amt","","","","",NA,NA,0,"",1
2,521222,0,0,0,NA,0,0,0,0,"amt","","","","",NA,NA,0,"",1
2,848843,0,0,0,NA,0,0,0,0,"amt","","","","",NA,NA,0,"",1
2,873455,0,0,0,NA,0,0,0,0,"amt","","","","",NA,NA,0,"",1
2,888289,1,0,0,NA,0,0,0,0,"amt","IND","25","Coimbatore","",NA,NA,0,"",1
2,1063417,0,0,0,NA,0,0,0,0,"amt","","","","",NA,NA,0,"",1
2,1186011,0,0,0,NA,0,0,0,0,"amt","","","","",NA,NA,0,"",1
2,1415235,0,0,0,NA,0,0,0,0,"amt","","","","",NA,NA,0,"",1
2,1446801,7,2,5,NA,0,0,0,0,"amt","IND","13","Kannur","",NA,NA,0,"",0.6
2,1708035,0,0,0,NA,0,0,0,0,"amt","","","","",NA,NA,0,"",1
2,1716014,0,0,0,NA,0,0,0,0,"amt","","","","",NA,NA,0,"",1
2,1723273,0,0,0,NA,0,0,0,0,"amt","","","","",NA,NA,0,"",1
2,1821100,12,2,4,NA,0,0,0,0,"amt","IND","25","Madras","",NA,NA,0,"",0.5
2,1850019,6,4,4,NA,0,0,0,0,"amt","IND","22","Karaikal","",NA,NA,0,"",0
2,2023101,0,0,0,NA,0,0,0,0,"amt","","","","",NA,NA,0,"",1
2,2142747,1,1,1,NA,0,0,0,0,"amt","VNM","13","Hai Phong","",NA,NA,0,"",0
2,2189867,7,2,4,NA,0,0,0,0,"amt","IND","25","Selam","",NA,NA,0,"",0.5
2,2268334,1,0,0,NA,0,0,0,0,"amt","IND","16","Kolhapur","",NA,NA,0,"",1
2,2317511,0,0,0,NA,0,0,0,0,"amt","","","","",NA,NA,0,"",1
2,2429663,0,0,0,NA,0,0,0,0,"amt","","","","",NA,NA,0,"",1
2,2556343,0,0,0,NA,0,0,0,0,"amt","","","","",NA,NA,0,"",1
2,2666559,0,0,0,NA,0,0,0,0,"amt","","","","",NA,NA,0,"",1
2,2677756,1,0,0,NA,0,0,0,0,"amt","USA","FL","Brandon","",NA,NA,0,"",1
2,2727279,0,0,0,NA,0,0,0,0,"amt","","","","",NA,NA,0,"",1
2,3098571,8,2,5,NA,0,0,0,0,"amt","IND","25","Coimbatore","",NA,NA,0,"",0.6
2,3204613,0,0,0,NA,0,0,0,0,"amt","","","","",NA,NA,0,"",1
2,3244252,8,2,5,NA,0,0,0,0,"amt","IND","25","Tiruchchirappalli","",NA,NA,0,"",0.6
2,3319705,0,0,0,NA,0,0,0,0,"amt","","","","",NA,NA,0,"",1
2,3530174,4,0,3,NA,0,0,0,0,"amt","USA","CA","Fresno","",NA,NA,0,"",1
2,3573600,6,2,4,NA,0,1,0,0,"cbf","USA","NJ","Garfield","",NA,NA,0,"",0.5
2,3577163,0,0,0,NA,0,0,0,0,"amt","","","","",NA,NA,0,"",1
2,3578057,0,0,0,NA,0,0,0,0,"amt","","","","",NA,NA,0,"",1
2,3600711,34,2,14,NA,0,0,0,0,"cbf","USA","GA","Augusta","",NA,NA,0,"",0.8571
2,3602553,80,3,31,NA,0,0,0,0,"cbf","USA","WV","Beckley","",NA,NA,0,"",0.9032
2,3615865,3,0,2,NA,0,0,0,0,"cbf","USA","KS","Columbus","",NA,NA,0,"",1
2,3624653,36,2,24,NA,0,0,0,0,"cbf","USA","VA","Richmond","",NA,NA,0,"",0.9167
2,3677610,0,0,0,NA,0,0,0,0,"amt","","","","",NA,NA,0,"",1
2,3720257,0,0,0,NA,0,0,0,0,"amt","","","","",NA,NA,0,"",1
2,3755554,0,0,0,NA,0,0,0,0,"amt","","","","",NA,NA,0,"",1
2,3760121,6,2,4,NA,0,0,0,0,"amt","IND","19","Bangalore","",NA,NA,0,"",0.5
2,3760711,6,2,4,NA,0,0,0,0,"cbf","USA","AR","Fayetteville","",NA,NA,0,"",0.5
2,3791075,1,0,0,NA,0,0,0,0,"amt","IND","16","Pune","",NA,NA,0,"",1
2,3975150,8,1,4,NA,0,0,0,0,"amt","PAK","08","Islamabad","",NA,NA,0,"",0.75
2,4073093,0,0,0,NA,0,0,0,0,"amt","","","","",NA,NA,0,"",1
2,4096232,8,3,4,NA,0,0,0,0,"amt","IND","19","Bangalore","",NA,NA,0,"",0.25
2,4125677,6,1,4,NA,0,0,0,0,"amt","IND","19","Bangalore","",NA,NA,0,"",0.75
2,4153095,0,0,0,NA,0,0,0,0,"amt","","","","",NA,NA,0,"",1
2,4229206,0,0,0,NA,0,0,0,0,"amt","","","","",NA,NA,0,"",1
2,4302238,10,3,4,NA,0,0,0,0,"cbf","USA","","","",NA,NA,0,"",0.25
2,4304264,5,4,4,NA,0,0,0,0,"amt","IND","19","Bangalore","",NA,NA,0,"",0
2,4384942,0,0,0,NA,0,0,0,0,"amt","","","","",NA,NA,0,"",1
2,4394431,0,0,0,NA,0,0,0,0,"amt","","","","",NA,NA,0,"",1
2,4400494,36,3,9,NA,0,0,0,0,"cbf","USA","ME","Saco","",NA,NA,0,"",0.6667
2,4425572,14,3,5,NA,0,0,0,0,"amt","IND","19","Bangalore","",NA,NA,0,"",0.4
2,4471846,0,0,0,NA,0,0,0,0,"amt","","","","",NA,NA,0,"",1
2,4522536,8,2,6,NA,0,0,0,0,"amt","IND","25","Madras","",NA,NA,0,"",0.6667
2,4626640,0,0,0,NA,0,0,0,0,"amt","","","","",NA,NA,0,"",1
2,4630334,6,1,4,NA,0,0,0,0,"amt","IND","02","Cuddapah","",NA,NA,0,"",0.75
2,4634272,3,0,0,NA,0,0,0,0,"amt","IND","25","Karur","",NA,NA,0,"",1
2,4647392,0,0,0,NA,0,0,0,0,"amt","","","","",NA,NA,0,"",1
2,4652872,8,2,4,NA,0,0,0,0,"amt","IND","","","",NA,NA,0,"",0.5
2,4665417,0,0,0,NA,0,0,0,0,"amt","","","","",NA,NA,0,"",1
2,4702890,6,2,4,NA,0,0,0,0,"zoombucks","CAN","ON","Toronto","",NA,NA,0,"",0.5
2,4714746,0,0,0,NA,0,0,0,0,"cbf","","","","",NA,NA,0,"",1
2,4795131,4,2,3,NA,0,0,0,0,"amt","PHL","D9","Makati","",NA,NA,0,"",0.3333
2,4798151,2,0,2,NA,0,0,0,0,"amt","IND","25","Tiruchchirappalli","",NA,NA,0,"",1
2,5014291,80,0,12,NA,0,0,0,0,"zoombucks","ROU","10","Bucharest","",NA,NA,0,"",1
2,5047942,0,0,0,NA,0,0,0,0,"amt","","","","",NA,NA,0,"",1
2,5086706,2,0,1,NA,0,0,0,0,"amt","IND","13","Kottayam","",NA,NA,0,"",1
2,5101063,0,0,0,NA,0,0,0,0,"cbf","","","","",NA,NA,0,"",1
2,5108552,0,0,0,NA,0,0,0,0,"amt","","","","",NA,NA,0,"",1
2,5199723,11,3,4,NA,0,0,0,0,"zoombucks","USA","NY","Forest Hills","",NA,NA,0,"",0.25
2,5419737,0,0,0,NA,0,0,0,0,"zoombucks","","","","",NA,NA,0,"",1
2,5425025,6,1,3,NA,0,0,0,0,"amt","IND","25","Madras","",NA,NA,0,"",0.6667
2,5505960,2,1,1,NA,0,0,0,0,"amt","IND","19","Bangalore","",NA,NA,0,"",0
2,5516041,0,0,0,NA,0,0,0,0,"amt","","","","",NA,NA,0,"",1
2,5522151,20,3,19,NA,0,0,0,0,"zoombucks","IDN","04","Jakarta","4/7/2012 04:14:43",NA,NA,0,"Out of order post (db974733a8a12da467ecd221ff9297ce9c65e062 for )",0.8421
2,5537363,7,4,4,NA,0,0,0,0,"amt","IND","07","Delhi","",NA,NA,0,"",0
2,5570833,8,2,4,NA,0,0,0,0,"amt","IND","25","Madras","",NA,NA,0,"",0.5
2,5597789,0,0,0,NA,0,0,0,0,"fusioncash","","","","",NA,NA,0,"",1
2,5611095,8,3,4,NA,0,0,0,0,"amt","IND","25","Tiruchchirappalli","",NA,NA,0,"",0.25
2,5663136,2,2,2,NA,0,0,0,0,"amt","IND","13","Thiruvananthapuram","",NA,NA,0,"",0
2,5665913,2,2,2,NA,0,0,0,0,"amt","IND","16","Pune","",NA,NA,0,"",0
2,5678812,8,1,3,NA,0,0,0,0,"amt","IND","25","Tiruchchirappalli","",NA,NA,0,"",0.6667
2,5707809,0,0,0,NA,0,0,0,0,"amt","","","","",NA,NA,0,"",1
2,5723821,0,0,0,NA,0,0,0,0,"amt","","","","",NA,NA,0,"",1
2,5854300,4,3,4,NA,0,0,0,0,"zoombucks","USA","NJ","Edison","",NA,NA,0,"",0.25
2,5865309,59,0,13,NA,0,0,0,0,"cbf","USA","NY","East Elmhurst","",NA,NA,0,"",1
2,5873949,29,0,7,NA,0,0,0,0,"cbf","USA","NY","New York","",NA,NA,0,"",1
2,5883092,6,2,4,NA,0,0,0,0,"cbf","USA","FL","Sebring","",NA,NA,0,"",0.5
2,5917071,2,2,2,NA,0,1,0,0,"fusioncash","USA","NY","Bronx","",NA,NA,0,"",0
2,5919735,4,4,4,NA,0,0,0,0,"zoombucks","USA","PA","Philadelphia","",NA,NA,0,"",0
2,5924508,8,3,5,NA,0,0,0,0,"amt","IND","25","Tiruchchirappalli","",NA,NA,0,"",0.4
2,5954728,4,1,2,NA,0,0,0,0,"amt","IND","19","Bangalore","",NA,NA,0,"",0.5
2,5992620,0,0,0,NA,0,0,0,0,"amt","","","","",NA,NA,0,"",1
2,6012239,0,0,0,NA,0,0,0,0,"amt","","","","",NA,NA,0,"",1
2,6026750,7,2,4,NA,0,1,0,0,"getpaid","ITA","04","Naples","",NA,NA,0,"",0.5
2,6054247,0,0,0,NA,0,0,0,0,"amt","","","","",NA,NA,0,"",1
2,6065636,0,0,0,NA,0,0,0,0,"getpaid","","","","",NA,NA,0,"",1
2,6068187,0,0,0,NA,0,0,0,0,"amt","","","","",NA,NA,0,"",1
2,6068757,0,0,0,NA,0,0,0,0,"amt","","","","",NA,NA,0,"",1
2,6080078,6,1,3,NA,0,0,0,0,"amt","IND","25","Tiruchchirappalli","",NA,NA,0,"",0.6667
2,6082666,0,0,0,NA,0,0,0,0,"amt","","","","",NA,NA,0,"",1
2,6088799,69,0,10,NA,0,0,0,0,"fusioncash","USA","OR","Medford","",NA,NA,0,"",1
2,6092975,0,0,0,NA,0,0,0,0,"amt","","","","",NA,NA,0,"",1
2,6094706,1,0,1,NA,0,0,0,0,"amt","IND","02","Hyderabad","",NA,NA,0,"",1
2,6098313,5,0,1,NA,0,0,0,0,"amt","IND","02","Hyderabad","",NA,NA,0,"",1
2,6104652,0,0,0,NA,0,0,0,0,"amt","","","","",NA,NA,0,"",1
2,6104808,10,2,4,NA,0,0,0,0,"amt","IND","25","Velluru","",NA,NA,0,"",0.5
2,6108007,0,0,0,NA,0,0,0,0,"amt","","","","",NA,NA,0,"",1
2,6111409,35,0,9,NA,0,0,0,0,"fusioncash","USA","OH","Salem","",NA,NA,0,"",1
2,6191097,8,0,1,NA,0,0,0,0,"zoombucks","USA","AL","Montgomery","",NA,NA,0,"",1
2,6193536,0,0,0,NA,0,0,0,0,"amt","","","","",NA,NA,0,"",1
2,6203523,0,0,0,NA,0,0,0,0,"amt","","","","",NA,NA,0,"",1
2,6216992,0,0,0,NA,0,0,0,0,"amt","","","","",NA,NA,0,"",1
2,6217463,4,1,4,NA,0,0,0,0,"amt","IND","13","Kottakkal","",NA,NA,0,"",0.75
2,6257013,0,0,0,NA,0,0,0,0,"amt","","","","",NA,NA,0,"",1
2,6257833,1,0,1,NA,0,0,0,0,"amt","IND","02","Hyderabad","",NA,NA,0,"",1
2,6266103,3,0,2,NA,0,0,0,0,"amt","USA","AL","Tuscaloosa","",NA,NA,0,"",1
2,6302663,11,0,5,NA,0,0,0,0,"getpaid","PAK","08","Islamabad","",NA,NA,0,"",1
2,6316468,0,0,0,NA,0,0,0,0,"amt","","","","",NA,NA,0,"",1
2,6334629,1,0,0,NA,0,0,0,0,"amt","USA","UT","Salt Lake City","",NA,NA,0,"",1
2,6340814,6,3,3,NA,0,0,0,0,"fusioncash","USA","FL","Saint Petersburg","",NA,NA,0,"",0
2,6366130,0,0,0,NA,0,0,0,0,"amt","","","","",NA,NA,0,"",1
2,6373305,7,1,2,NA,0,0,0,0,"amt","IND","25","Madras","",NA,NA,0,"",0.5
2,6420532,0,0,0,NA,0,0,0,0,"amt","","","","",NA,NA,0,"",1
2,6459565,27,0,7,NA,0,0,0,0,"fusioncash","USA","CA","Blythe","",NA,NA,0,"",1
2,6467540,1,0,0,NA,0,0,0,0,"amt","IND","02","Hyderabad","",NA,NA,0,"",1
2,6472446,0,0,0,NA,0,0,0,0,"cbf","","","","",NA,NA,0,"",1
2,6473173,3,1,2,NA,0,0,0,0,"cbf","USA","MO","Saint Peters","",NA,NA,0,"",0.5
2,6498828,13,2,6,NA,0,0,0,0,"zoombucks","CAN","BC","Vancouver","",NA,NA,0,"",0.6667
2,6507521,0,0,0,NA,0,0,0,0,"amt","","","","",NA,NA,0,"",1
2,6516043,0,0,0,NA,0,0,0,0,"amt","","","","",NA,NA,0,"",1
2,6522489,9,2,6,NA,0,0,0,0,"getpaid","IND","28","Kolkata","",NA,NA,0,"",0.6667
2,6525375,6,3,3,NA,0,0,0,0,"amt","IND","25","Madras","",NA,NA,0,"",0
2,6536963,0,0,0,NA,0,0,0,0,"amt","","","","",NA,NA,0,"",1
2,6537471,6,3,4,NA,0,0,0,0,"cbf","USA","FL","Saint Petersburg","",NA,NA,0,"",0.25
2,6588440,0,0,0,NA,0,0,0,0,"amt","","","","",NA,NA,0,"",1
2,6610273,0,0,0,NA,0,0,0,0,"amt","","","","",NA,NA,0,"",1
2,6672278,0,0,0,NA,0,0,0,0,"amt","","","","",NA,NA,0,"",1
2,6677788,0,0,0,NA,0,0,0,0,"amt","","","","",NA,NA,0,"",1
2,6705569,7,3,4,NA,0,0,0,0,"amt","IND","19","Bangalore","",NA,NA,0,"",0.25
2,6717812,8,2,5,NA,0,0,0,0,"getpaid","IND","28","Kolkata","",NA,NA,0,"",0.6
2,6764505,2,2,2,NA,0,0,0,0,"amt","IND","13","Thiruvananthapuram","",NA,NA,0,"",0
2,6837228,0,0,0,NA,0,0,0,0,"amt","","","","",NA,NA,0,"",1
2,6863550,7,2,4,NA,0,0,0,0,"amt","IND","16","Mumbai","",NA,NA,0,"",0.5
2,6890312,9,0,4,NA,0,0,0,0,"cbf","USA","MS","Jackson","",NA,NA,0,"",1
2,6891428,0,0,0,NA,0,0,0,0,"amt","","","","",NA,NA,0,"",1
2,6896412,29,0,6,NA,0,0,0,0,"cbf","IRL","07","Dublin","",NA,NA,0,"",1
2,6906181,3,1,3,NA,0,0,0,0,"amt","IND","19","Bangalore","",NA,NA,0,"",0.6667
2,6916555,0,0,0,NA,0,0,0,0,"amt","","","","",NA,NA,0,"",1
2,6923514,28,0,9,NA,0,0,0,0,"getpaid","BEL","","","",NA,NA,0,"",1
2,7083577,3,1,2,NA,0,0,0,0,"amt","IND","19","Bangalore","",NA,NA,0,"",0.5
2,7102690,6,0,1,NA,0,0,0,0,"amt","IND","19","Bangalore","",NA,NA,0,"",1
2,7142119,0,0,0,NA,0,0,0,0,"amt","","","","",NA,NA,0,"",1
2,7155214,8,3,4,NA,0,0,0,0,"getpaid","CHE","04","Basel","",NA,NA,0,"",0.25
2,7188553,80,0,16,NA,0,0,0,0,"cbf","USA","NV","Fallon","",NA,NA,0,"",1
2,7273882,0,0,0,NA,0,0,0,0,"amt","","","","",NA,NA,0,"",1
2,7275591,0,0,0,NA,0,0,0,0,"amt","","","","",NA,NA,0,"",1
2,7296465,6,2,4,NA,0,0,0,0,"zoombucks","USA","NY","Stanfordville","",NA,NA,0,"",0.5
2,7302025,0,0,0,NA,0,0,0,0,"amt","","","","",NA,NA,0,"",1
2,7320883,9,1,5,NA,0,0,0,0,"zoombucks","AUS","02","Sydney","",NA,NA,0,"",0.8
2,7321198,10,2,5,NA,0,0,0,0,"amt","PAK","08","Islamabad","",NA,NA,0,"",0.6
2,7321652,5,2,3,NA,0,0,0,0,"amt","USA","NY","Centereach","",NA,NA,0,"",0.3333
2,7342707,8,3,4,NA,0,0,0,0,"cbf","USA","NJ","Edison","",NA,NA,0,"",0.25
2,7350542,8,0,4,NA,0,0,0,0,"getpaid","PHL","","","",NA,NA,0,"",1
2,7350714,4,2,4,NA,0,0,0,0,"zoombucks","USA","PA","Mahanoy City","",NA,NA,0,"",0.5
2,7352868,0,0,0,NA,0,0,0,0,"getpaid","","","","",NA,NA,0,"",1
2,7364294,0,0,0,NA,0,0,0,0,"getpaid","","","","",NA,NA,0,"",1
2,7376947,0,0,0,NA,0,0,0,0,"amt","","","","",NA,NA,0,"",1
2,7385617,3,0,0,NA,0,0,0,0,"zoombucks","CAN","ON","North Bay","",NA,NA,0,"",1
2,7390905,71,2,16,NA,0,0,0,0,"fusioncash","USA","FL","Palm Harbor","",NA,NA,0,"",0.875
2,7403522,0,0,0,NA,0,0,0,0,"amt","","","","",NA,NA,0,"",1
2,7437245,9,4,4,NA,0,0,0,0,"fusioncash","USA","GA","Duluth","",NA,NA,0,"",0
2,7456843,2,1,1,NA,0,0,0,0,"zoombucks","CAN","ON","Thunder Bay","",NA,NA,0,"",0
2,7466606,0,0,0,NA,0,0,0,0,"amt","","","","",NA,NA,0,"",1
2,7499372,1,1,1,NA,0,0,0,0,"amt","IND","19","Bangalore","",NA,NA,0,"",0
2,7499818,5,3,3,NA,0,0,0,0,"amt","IND","19","Bangalore","",NA,NA,0,"",0
2,7509850,6,4,4,NA,0,0,0,0,"cbf","USA","NH","Nashua","",NA,NA,0,"",0
2,7521989,2,1,1,NA,0,0,0,0,"amt","IND","25","Thanjavur","",NA,NA,0,"",0
2,7548190,1,1,1,NA,0,0,0,0,"amt","USA","OH","Toledo","",NA,NA,0,"",0
2,7558714,0,0,0,NA,0,0,0,0,"amt","","","","",NA,NA,0,"",1
2,7572733,0,0,0,NA,0,0,0,0,"amt","","","","",NA,NA,0,"",1
2,7612465,0,0,0,NA,0,0,0,0,"amt","","","","",NA,NA,0,"",1
2,7618811,19,1,6,NA,0,0,0,0,"amt","IND","25","Karur","",NA,NA,0,"",0.8333
2,7630568,0,0,0,NA,0,0,0,0,"amt","","","","",NA,NA,0,"",1
2,7666167,11,2,6,NA,0,0,0,0,"zoombucks","IND","19","Bangalore","",NA,NA,0,"",0.6667
2,7668622,0,0,0,NA,0,0,0,0,"amt","","","","",NA,NA,0,"",1
2,7673636,4,0,2,NA,0,0,0,0,"amt","IND","13","Kochi","",NA,NA,0,"",1
2,7692924,0,0,0,NA,0,0,0,0,"amt","","","","",NA,NA,0,"",1
2,7693162,0,0,0,NA,0,0,0,0,"amt","","","","",NA,NA,0,"",1
2,7708916,8,3,4,NA,0,0,0,0,"zoombucks","MAR","07","Casablanca","",NA,NA,0,"",0.25
2,7718432,0,0,0,NA,0,0,0,0,"amt","","","","",NA,NA,0,"",1
2,7721264,0,0,0,NA,0,0,0,0,"amt","","","","",NA,NA,0,"",1
2,7722648,0,0,0,NA,0,0,0,0,"amt","","","","",NA,NA,0,"",1
2,7726140,0,0,0,NA,0,0,0,0,"amt","","","","",NA,NA,0,"",1
2,7737648,10,2,5,NA,0,0,0,0,"cbf","CAN","BC","Vancouver","",NA,NA,0,"",0.6
2,7762692,0,0,0,NA,0,0,0,0,"cbf","","","","",NA,NA,0,"",1
2,7773328,0,0,0,NA,0,0,0,0,"amt","","","","",NA,NA,0,"",1
2,7773740,0,0,0,NA,0,0,0,0,"amt","","","","",NA,NA,0,"",1
2,7792252,0,0,0,NA,0,0,0,0,"amt","","","","",NA,NA,0,"",1
2,7795855,10,0,6,NA,0,0,0,0,"fusioncash","USA","NJ","Beachwood","",NA,NA,0,"",1
2,7817327,0,0,0,NA,0,0,0,0,"amt","","","","",NA,NA,0,"",1
2,7820297,0,0,0,NA,0,0,0,0,"amt","","","","",NA,NA,0,"",1
2,7827240,23,1,7,NA,0,0,0,0,"getpaid","PHL","C6","Dadiangas","",NA,NA,0,"",0.8571
2,7830543,0,0,0,NA,0,0,0,0,"amt","","","","",NA,NA,0,"",1
2,7835246,5,1,3,NA,0,0,0,0,"amt","IND","19","Bangalore","",NA,NA,0,"",0.6667
2,7838478,0,0,0,NA,0,0,0,0,"amt","","","","",NA,NA,0,"",1
2,7847021,1,0,1,NA,0,0,0,0,"amt","USA","CA","Belmont","",NA,NA,0,"",1
2,7850567,1,1,1,NA,0,0,0,0,"cbf","USA","NY","New York","",NA,NA,0,"",0
2,7850761,3,0,3,NA,0,0,0,0,"amt","IND","25","Karur","",NA,NA,0,"",1
2,7851983,1,0,1,NA,0,0,0,0,"amt","USA","OH","Youngstown","",NA,NA,0,"",1
2,7864245,6,4,4,NA,0,0,0,0,"zoombucks","CAN","ON","Ottawa","",NA,NA,0,"",0
2,7872350,7,0,5,NA,0,0,0,0,"getpaid","MEX","19","Guadalupe","",NA,NA,0,"",1
2,7875524,4,0,1,NA,0,0,0,0,"cbf","CAN","ON","Kitchener","",NA,NA,0,"",1
2,7877401,8,2,5,NA,0,0,0,0,"amt","IND","07","Delhi","",NA,NA,0,"",0.6
2,7891056,1,0,0,NA,0,0,0,0,"amt","MKD","52","Kriva Palanka","",NA,NA,0,"",1
2,7896656,0,0,0,NA,0,0,0,0,"amt","","","","",NA,NA,0,"",1
2,7909004,0,0,0,NA,0,0,0,0,"amt","","","","",NA,NA,0,"",1
2,7910714,3,3,3,NA,0,0,0,0,"amt","USA","RI","Rumford","",NA,NA,0,"",0
2,7918256,0,0,0,NA,0,0,0,0,"amt","","","","",NA,NA,0,"",1
2,7923372,6,1,3,NA,0,0,0,0,"getpaid","NGA","05","Lagos","",NA,NA,0,"",0.6667
2,7928052,0,0,0,NA,0,0,0,0,"amt","","","","",NA,NA,0,"",1
2,7947580,0,0,0,NA,0,0,0,0,"amt","","","","",NA,NA,0,"",1
2,7956834,0,0,0,NA,0,0,0,0,"amt","","","","",NA,NA,0,"",1
2,7960323,0,0,0,NA,0,0,0,0,"amt","","","","",NA,NA,0,"",1
2,7960776,0,0,0,NA,0,0,0,0,"amt","","","","",NA,NA,0,"",1
2,7968880,0,0,0,NA,0,0,0,0,"amt","","","","",NA,NA,0,"",1
2,7971901,5,1,4,NA,0,0,0,0,"amt","USA","FL","Sanford","",NA,NA,0,"",0.75
2,7972208,3,1,1,NA,0,0,0,0,"amt","USA","","","",NA,NA,0,"",0
2,7973033,0,0,0,NA,0,0,0,0,"amt","","","","",NA,NA,0,"",1
2,7974266,0,0,0,NA,0,0,0,0,"zoombucks","","","","",NA,NA,0,"",1
2,7974313,9,2,4,NA,0,0,0,0,"getpaid","IND","","","",NA,NA,0,"",0.5
2,7975237,0,0,0,NA,0,0,0,0,"fusioncash","","","","",NA,NA,0,"",1
2,7977867,6,0,3,NA,0,0,0,0,"getpaid","MYS","14","Kuala Lumpur","",NA,NA,0,"",1
2,7981270,3,0,3,NA,0,0,0,0,"amt","SVN","","","",NA,NA,0,"",1
2,7982254,0,0,0,NA,0,0,0,0,"amt","","","","",NA,NA,0,"",1
2,7990082,0,0,0,NA,0,0,0,0,"amt","","","","",NA,NA,0,"",1
2,7992884,1,1,1,NA,0,0,0,0,"amt","USA","OH","Brook Park","",NA,NA,0,"",0
2,7995244,0,0,0,NA,0,0,0,0,"amt","","","","",NA,NA,0,"",1
2,7996871,0,0,0,NA,0,0,0,0,"amt","","","","",NA,NA,0,"",1
2,8001467,0,0,0,NA,0,0,0,0,"amt","","","","",NA,NA,0,"",1
2,8002098,5,3,4,NA,0,0,0,0,"getpaid","PHL","10","Philippine","",NA,NA,0,"",0.25
2,8002866,8,3,3,NA,0,0,0,0,"amt","IND","25","Madras","",NA,NA,0,"",0
2,8009087,0,0,0,NA,0,0,0,0,"amt","","","","",NA,NA,0,"",1
2,8013810,0,0,0,NA,0,0,0,0,"amt","","","","",NA,NA,0,"",1
2,8021337,0,0,0,NA,0,0,0,0,"amt","","","","",NA,NA,0,"",1
2,8021630,0,0,0,NA,0,0,0,0,"amt","","","","",NA,NA,0,"",1
2,8023270,0,0,0,NA,0,0,0,0,"amt","","","","",NA,NA,0,"",1
2,8023686,0,0,0,NA,0,0,0,0,"amt","","","","",NA,NA,0,"",1
2,8031690,1,0,1,NA,0,0,0,0,"getpaid","LTU","65","Vilnius","",NA,NA,0,"",1
2,8033844,0,0,0,NA,0,0,0,0,"amt","","","","",NA,NA,0,"",1
2,8041853,0,0,0,NA,0,0,0,0,"amt","","","","",NA,NA,0,"",1
2,8045855,5,2,2,NA,0,0,0,0,"amt","IND","19","Bangalore","",NA,NA,0,"",0
2,8050851,0,0,0,NA,0,0,0,0,"amt","","","","",NA,NA,0,"",1
2,8056657,0,0,0,NA,0,0,0,0,"amt","","","","",NA,NA,0,"",1
2,8057131,0,0,0,NA,0,0,0,0,"amt","","","","",NA,NA,0,"",1
2,8058228,6,0,2,NA,0,0,0,0,"getpaid","BWA","09","Gaborone","",NA,NA,0,"",1
2,8062456,9,0,4,NA,0,0,0,0,"amt","USA","NM","Albuquerque","",NA,NA,0,"",1
2,8062549,1,1,1,NA,0,0,0,0,"amt","GBR","H8","Liverpool","",NA,NA,0,"",0
2,8063144,0,0,0,NA,0,0,0,0,"amt","","","","",NA,NA,0,"",1
2,8064055,5,3,4,NA,0,0,0,0,"getpaid","USA","MI","Adrian","",NA,NA,0,"",0.25
2,8064365,3,2,3,NA,0,0,0,0,"getpaid","ECU","18","Quito","",NA,NA,0,"",0.3333
2,8064805,0,0,0,NA,0,0,0,0,"amt","","","","",NA,NA,0,"",1
2,8065315,0,0,0,NA,0,0,0,0,"amt","","","","",NA,NA,0,"",1
2,8065565,0,0,0,NA,0,0,0,0,"amt","","","","",NA,NA,0,"",1
2,8065593,1,0,1,NA,0,0,0,0,"getpaid","BGD","81","Dhaka","",NA,NA,0,"",1
2,8065618,2,0,1,NA,0,0,0,0,"amt","USA","MD","Baltimore","",NA,NA,0,"",1
2,8065754,6,2,6,NA,0,0,0,0,"getpaid","IND","28","Kolkata","",NA,NA,0,"",0.6667
2,8065937,1,0,0,NA,0,0,0,0,"amt","USA","FL","Orlando","",NA,NA,0,"",1
2,8066268,7,2,5,NA,0,0,0,0,"getpaid","ARG","07","Buenos Aires","",NA,NA,0,"",0.6
2,8066508,0,0,0,NA,0,0,0,0,"amt","","","","",NA,NA,0,"",1
2,8066877,0,0,0,NA,0,0,0,0,"amt","","","","",NA,NA,0,"",1
2,8072659,0,0,0,NA,0,0,0,0,"amt","","","","",NA,NA,0,"",1
2,8081397,0,0,0,NA,0,0,0,0,"amt","","","","",NA,NA,0,"",1
2,8096034,0,0,0,NA,0,0,0,0,"amt","","","","",NA,NA,0,"",1
2,8096780,0,0,0,NA,0,0,0,0,"amt","","","","",NA,NA,0,"",1
2,8096811,0,0,0,NA,0,0,0,0,"amt","","","","",NA,NA,0,"",1
2,8120725,0,0,0,NA,0,0,0,0,"amt","","","","",NA,NA,0,"",1
2,8125743,0,0,0,NA,0,0,0,0,"amt","","","","",NA,NA,0,"",1
2,8137833,0,0,0,NA,0,0,0,0,"amt","","","","",NA,NA,0,"",1
2,8139900,0,0,0,NA,0,0,0,0,"amt","","","","",NA,NA,0,"",1
2,8143717,0,0,0,NA,0,0,0,0,"amt","","","","",NA,NA,0,"",1
2,8170457,0,0,0,NA,0,0,0,0,"amt","","","","",NA,NA,0,"",1
2,8182054,0,0,0,NA,0,0,0,0,"amt","","","","",NA,NA,0,"",1
2,8182800,0,0,0,NA,0,0,0,0,"amt","","","","",NA,NA,0,"",1
2,8186984,0,0,0,NA,0,0,0,0,"amt","","","","",NA,NA,0,"",1
2,8187503,0,0,0,NA,0,0,0,0,"amt","","","","",NA,NA,0,"",1
3,664,0,0,0,NA,0,0,0,0,"amt","","","","",NA,NA,0,"",1
3,2078,0,0,0,NA,0,0,0,0,"amt","","","","",NA,NA,0,"",1
3,47171,0,0,0,NA,0,0,0,0,"amt","","","","",NA,NA,0,"",1
3,61513,0,0,0,NA,0,0,0,0,"amt","","","","",NA,NA,0,"",1
3,109296,0,0,0,NA,0,0,0,0,"amt","","","","",NA,NA,0,"",1
3,127592,0,0,0,NA,0,0,0,0,"amt","","","","",NA,NA,0,"",1
3,251363,0,0,0,NA,0,0,0,0,"amt","","","","",NA,NA,0,"",1
3,269103,0,0,0,NA,0,0,0,0,"amt","","","","",NA,NA,0,"",1
3,666206,0,0,0,NA,0,0,0,0,"amt","","","","",NA,NA,0,"",1
3,714020,0,0,0,NA,0,0,0,0,"amt","","","","",NA,NA,0,"",1
3,794254,0,0,0,NA,0,0,0,0,"amt","","","","",NA,NA,0,"",1
3,873455,3,0,2,NA,0,0,0,0,"amt","USA","TX","Austin","",NA,NA,0,"",1
3,888289,2,0,2,NA,0,0,0,0,"amt","IND","25","Coimbatore","",NA,NA,0,"",1
3,958948,0,0,0,NA,0,0,0,0,"amt","","","","",NA,NA,0,"",1
3,986234,0,0,0,NA,0,0,0,0,"amt","","","","",NA,NA,0,"",1
3,1153153,0,0,0,NA,0,0,0,0,"amt","","","","",NA,NA,0,"",1
3,1257800,0,0,0,NA,0,0,0,0,"amt","","","","",NA,NA,0,"",1
3,1446801,10,2,5,NA,0,0,0,0,"amt","IND","13","Kannur","",NA,NA,0,"",0.6
3,1465999,0,0,0,NA,0,0,0,0,"amt","","","","",NA,NA,0,"",1
3,1669185,0,0,0,NA,0,0,0,0,"amt","","","","",NA,NA,0,"",1
3,1842322,0,0,0,NA,0,0,0,0,"amt","","","","",NA,NA,0,"",1
3,1946968,0,0,0,NA,0,0,0,0,"amt","","","","",NA,NA,0,"",1
3,2023101,2,0,0,NA,0,0,0,0,"amt","IND","13","Thiruvananthapuram","",NA,NA,0,"",1
3,2142747,4,2,2,NA,0,0,0,0,"amt","VNM","13","Hai Phong","",NA,NA,0,"",0
3,2186065,0,0,0,NA,0,0,0,0,"amt","","","","",NA,NA,0,"",1
3,2189867,17,0,5,NA,0,0,0,0,"amt","IND","25","Selam","",NA,NA,0,"",1
3,2268899,0,0,0,NA,0,0,0,0,"amt","","","","",NA,NA,0,"",1
3,2269414,0,0,0,NA,0,0,0,0,"amt","","","","",NA,NA,0,"",1
3,2381828,0,0,0,NA,0,0,0,0,"amt","","","","",NA,NA,0,"",1
3,2610722,11,3,8,NA,0,0,0,0,"amt","IND","25","Madras","",NA,NA,0,"",0.625
3,2677756,0,0,0,NA,0,0,0,0,"amt","","","","",NA,NA,0,"",1
3,2733430,0,0,0,NA,0,0,0,0,"amt","","","","",NA,NA,0,"",1
3,2737722,0,0,0,NA,0,0,0,0,"amt","","","","",NA,NA,0,"",1
3,2760757,0,0,0,NA,0,0,0,0,"amt","","","","",NA,NA,0,"",1
3,2763495,0,0,0,NA,0,0,0,0,"amt","","","","",NA,NA,0,"",1
3,3098571,5,3,4,NA,0,0,0,0,"amt","IND","25","Coimbatore","",NA,NA,0,"",0.25
3,3244252,0,0,0,NA,0,0,0,0,"amt","","","","",NA,NA,0,"",1
3,3446207,0,0,0,NA,0,0,0,0,"amt","","","","",NA,NA,0,"",1
3,3573600,12,2,8,NA,0,0,0,0,"cbf","USA","NJ","Garfield","",NA,NA,0,"",0.75
3,3577163,0,0,0,NA,0,0,0,0,"amt","","","","",NA,NA,0,"",1
3,3599538,7,2,6,NA,0,0,0,0,"cbf","USA","VA","Woodbridge","",NA,NA,0,"",0.6667
3,3599884,7,2,4,NA,0,0,0,0,"cbf","USA","NC","Dobson","",NA,NA,0,"",0.5
3,3600711,32,0,8,NA,0,0,0,0,"cbf","USA","GA","Augusta","",NA,NA,0,"",1
3,3602553,50,0,8,NA,0,0,0,0,"cbf","USA","WV","Beckley","",NA,NA,0,"",1
3,3615865,17,0,5,NA,0,0,0,0,"cbf","USA","KS","Columbus","",NA,NA,0,"",1
3,3624653,50,0,9,NA,0,0,0,0,"cbf","USA","VA","Richmond","",NA,NA,0,"",1
3,3672958,0,0,0,NA,0,0,0,0,"amt","","","","",NA,NA,0,"",1
3,3677610,5,1,3,NA,0,0,0,0,"amt","IND","19","Bangalore","",NA,NA,0,"",0.6667
3,3755554,0,0,0,NA,0,0,0,0,"amt","","","","",NA,NA,0,"",1
3,3760121,1,0,0,NA,0,0,0,0,"amt","IND","19","Bangalore","",NA,NA,0,"",1
3,3760711,6,4,4,NA,0,0,0,0,"cbf","USA","AR","Fayetteville","",NA,NA,0,"",0
3,3804773,0,0,0,NA,0,0,0,0,"amt","","","","",NA,NA,0,"",1
3,3832274,0,0,0,NA,0,0,0,0,"cbf","","","","",NA,NA,0,"",1
3,4040969,0,0,0,NA,0,0,0,0,"amt","","","","",NA,NA,0,"",1
3,4089062,0,0,0,NA,0,0,0,0,"amt","","","","",NA,NA,0,"",1
3,4155972,0,0,0,NA,0,0,0,0,"amt","","","","",NA,NA,0,"",1
3,4317805,0,0,0,NA,0,0,0,0,"amt","","","","",NA,NA,0,"",1
3,4354265,0,0,0,NA,0,0,0,0,"amt","","","","",NA,NA,0,"",1
3,4384942,0,0,0,NA,0,0,0,0,"amt","","","","",NA,NA,0,"",1
3,4425572,0,0,0,NA,0,0,0,0,"amt","","","","",NA,NA,0,"",1
3,4470038,0,0,0,NA,0,0,0,0,"sedgroup","","","","",NA,NA,0,"",1
3,4488644,0,0,0,NA,0,0,0,0,"amt","","","","",NA,NA,0,"",1
3,4522536,2,0,0,NA,0,0,0,0,"amt","IND","25","Madras","",NA,NA,0,"",1
3,4523584,0,0,0,NA,0,0,0,0,"amt","","","","",NA,NA,0,"",1
3,4630334,4,1,2,NA,0,0,0,0,"amt","IND","02","Cuddapah","",NA,NA,0,"",0.5
3,4634272,0,0,0,NA,0,0,0,0,"amt","","","","",NA,NA,0,"",1
3,4648435,0,0,0,NA,0,0,0,0,"amt","","","","",NA,NA,0,"",1
3,4665417,0,0,0,NA,0,0,0,0,"amt","","","","",NA,NA,0,"",1
3,4702890,6,2,5,NA,0,0,0,0,"zoombucks","CAN","ON","Toronto","",NA,NA,0,"",0.6
3,4703966,0,0,0,NA,0,0,0,0,"amt","","","","",NA,NA,0,"",1
3,4717220,2,1,2,NA,0,0,0,0,"zoombucks","MYS","16","Kota Kinabalu","",NA,NA,0,"",0.5
3,4795131,8,2,4,NA,0,0,0,0,"amt","PHL","D9","Makati","",NA,NA,0,"",0.5
3,4798151,0,0,0,NA,0,0,0,0,"amt","","","","",NA,NA,0,"",1
3,4798258,0,0,0,NA,0,0,0,0,"amt","","","","",NA,NA,0,"",1
3,4800907,0,0,0,NA,0,0,0,0,"amt","","","","",NA,NA,0,"",1
3,4848422,2,1,1,NA,0,0,0,0,"amt","USA","TN","Columbia","",NA,NA,0,"",0
3,5014291,50,0,6,NA,0,0,0,0,"zoombucks","ROU","10","Bucharest","",NA,NA,0,"",1
3,5056148,0,0,0,NA,0,0,0,0,"zoombucks","","","","",NA,NA,0,"",1
3,5065189,1,1,1,NA,0,0,0,0,"amt","IND","13","Kochi","",NA,NA,0,"",0
3,5086706,1,0,1,NA,0,0,0,0,"amt","IND","13","Kottayam","",NA,NA,0,"",1
3,5153739,5,3,4,NA,0,0,0,0,"amt","IND","25","Coimbatore","",NA,NA,0,"",0.25
3,5199723,8,2,4,NA,0,0,0,0,"zoombucks","USA","NY","Forest Hills","",NA,NA,0,"",0.5
3,5213140,0,0,0,NA,0,0,0,0,"amt","","","","",NA,NA,0,"",1
3,5223232,0,0,0,NA,0,0,0,0,"amt","","","","",NA,NA,0,"",1
3,5245056,6,0,4,NA,0,0,0,0,"cbf","USA","FL","Palatka","",NA,NA,0,"",1
3,5265721,0,0,0,NA,0,0,0,0,"amt","","","","",NA,NA,0,"",1
3,5425025,10,0,4,NA,0,0,0,0,"amt","IND","25","Madras","",NA,NA,0,"",1
3,5505960,0,0,0,NA,0,0,0,0,"amt","","","","",NA,NA,0,"",1
3,5516041,0,0,0,NA,0,0,0,0,"amt","","","","",NA,NA,0,"",1
3,5522151,50,1,18,NA,0,0,0,0,"zoombucks","IDN","04","Jakarta","",NA,NA,0,"",0.9444
3,5537363,8,3,5,NA,0,0,0,0,"amt","IND","07","Delhi","",NA,NA,0,"",0.4
3,5543721,0,0,0,NA,0,0,0,0,"amt","","","","",NA,NA,0,"",1
3,5551166,0,0,0,NA,0,0,0,0,"zoombucks","","","","",NA,NA,0,"",1
3,5570833,4,0,3,NA,0,0,0,0,"amt","IND","25","Madras","",NA,NA,0,"",1
3,5578669,0,0,0,NA,0,0,0,0,"fusioncash","","","","",NA,NA,0,"",1
3,5585443,0,0,0,NA,0,0,0,0,"amt","","","","",NA,NA,0,"",1
3,5652411,16,2,8,NA,0,0,0,0,"fusioncash","USA","AL","Tuscaloosa","",NA,NA,0,"",0.75
3,5659684,2,0,0,NA,0,0,0,0,"cbf","USA","VA","Williamsburg","",NA,NA,0,"",1
3,5678812,1,1,1,NA,0,0,0,0,"amt","IND","25","Tiruchchirappalli","",NA,NA,0,"",0
3,5707809,0,0,0,NA,0,0,0,0,"amt","","","","",NA,NA,0,"",1
3,5839149,8,2,4,NA,0,0,0,0,"zoombucks","USA","NY","Rye","",NA,NA,0,"",0.5
3,5865309,50,2,13,NA,0,0,0,0,"cbf","USA","NY","East Elmhurst","",NA,NA,0,"",0.8462
3,5873949,9,0,3,NA,0,0,0,0,"cbf","USA","NY","New York","",NA,NA,0,"",1
3,5874446,0,0,0,NA,0,0,0,0,"amt","","","","",NA,NA,0,"",1
3,5917071,0,0,0,NA,0,0,0,0,"fusioncash","","","","",NA,NA,0,"",1
3,5919735,14,3,4,NA,0,0,0,0,"zoombucks","USA","PA","Philadelphia","",NA,NA,0,"",0.25
3,5924508,8,1,3,NA,0,0,0,0,"amt","IND","25","Tiruchchirappalli","",NA,NA,0,"",0.6667
3,5939063,1,1,1,NA,0,0,0,0,"amt","IND","02","Hyderabad","",NA,NA,0,"",0
3,5955525,0,0,0,NA,0,0,0,0,"amt","","","","",NA,NA,0,"",1
3,5958444,8,0,4,NA,0,0,0,0,"fusioncash","USA","NV","Las Vegas","",NA,NA,0,"",1
3,5973737,0,0,0,NA,0,0,0,0,"amt","","","","",NA,NA,0,"",1
3,5992620,0,0,0,NA,0,0,0,0,"amt","","","","",NA,NA,0,"",1
3,6012239,8,4,4,NA,0,0,0,0,"amt","IND","25","Sivakasi","",NA,NA,0,"",0
3,6026750,10,2,6,NA,0,0,0,0,"getpaid","ITA","04","Naples","",NA,NA,0,"",0.6667
3,6043161,0,0,0,NA,0,0,0,0,"amt","","","","",NA,NA,0,"",1
3,6057354,0,0,0,NA,0,0,0,0,"sedgroup","","","","",NA,NA,0,"",1
3,6065636,0,0,0,NA,0,0,0,0,"getpaid","","","","",NA,NA,0,"",1
3,6068757,0,0,0,NA,0,0,0,0,"amt","","","","",NA,NA,0,"",1
3,6075996,0,0,0,NA,0,0,0,0,"amt","","","","",NA,NA,0,"",1
3,6080078,0,0,0,NA,0,0,0,0,"amt","","","","",NA,NA,0,"",1
3,6082666,0,0,0,NA,0,0,0,0,"amt","","","","",NA,NA,0,"",1
3,6092975,0,0,0,NA,0,0,0,0,"amt","","","","",NA,NA,0,"",1
3,6098313,0,0,0,NA,0,0,0,0,"amt","","","","",NA,NA,0,"",1
3,6104808,9,3,4,NA,0,0,0,0,"amt","IND","25","Velluru","",NA,NA,0,"",0.25
3,6111409,50,0,7,NA,0,0,0,0,"fusioncash","USA","OH","Salem","",NA,NA,0,"",1
3,6166312,7,2,5,NA,0,0,0,0,"zoombucks","USA","CO","Florissant","",NA,NA,0,"",0.6
3,6186173,5,2,3,NA,0,0,0,0,"cbf","USA","IL","Skokie","",NA,NA,0,"",0.3333
3,6193536,1,0,0,NA,0,0,0,0,"amt","IND","25","Selam","",NA,NA,0,"",1
3,6217463,8,2,5,NA,0,0,0,0,"amt","IND","13","Kottakkal","",NA,NA,0,"",0.6
3,6240387,23,0,9,NA,0,0,0,0,"fusioncash","USA","NY","Fulton","",NA,NA,0,"",1
3,6257833,3,0,0,NA,0,0,0,0,"amt","IND","02","Hyderabad","",NA,NA,0,"",1
3,6266103,4,0,3,NA,0,0,0,0,"amt","USA","AL","Tuscaloosa","",NA,NA,0,"",1
3,6284897,0,0,0,NA,0,0,0,0,"amt","","","","",NA,NA,0,"",1
3,6302663,50,6,31,NA,0,0,0,0,"getpaid","PAK","08","Islamabad","",NA,NA,0,"",0.8065
3,6353953,0,0,0,NA,0,0,0,0,"zoombucks","","","","",NA,NA,0,"",1
3,6369743,12,4,5,NA,0,0,0,0,"amt","IND","25","Madurai","",NA,NA,0,"",0.2
3,6373305,0,0,0,NA,0,0,0,0,"amt","","","","",NA,NA,0,"",1
3,6407304,2,0,0,NA,0,0,0,0,"getpaid","IDN","04","Jakarta","",NA,NA,0,"",1
3,6436357,0,0,0,NA,0,0,0,0,"amt","","","","",NA,NA,0,"",1
3,6437562,8,3,4,NA,0,0,0,0,"cbf","USA","TN","Bristol","",NA,NA,0,"",0.25
3,6459565,50,0,14,NA,0,0,0,0,"fusioncash","USA","CA","Blythe","",NA,NA,0,"",1
3,6473173,1,0,0,NA,0,0,0,0,"cbf","USA","MO","Saint Peters","",NA,NA,0,"",1
3,6489085,3,0,1,NA,0,0,0,0,"cbf","USA","MO","Saint Louis","",NA,NA,0,"",1
3,6498828,7,3,4,NA,0,0,0,0,"zoombucks","CAN","BC","Vancouver","",NA,NA,0,"",0.25
3,6507521,0,0,0,NA,0,0,0,0,"amt","","","","",NA,NA,0,"",1
3,6508013,6,2,4,NA,0,0,0,0,"fusioncash","USA","IL","Downers Grove","",NA,NA,0,"",0.5
3,6522489,15,3,8,NA,0,0,0,0,"getpaid","IND","28","Kolkata","",NA,NA,0,"",0.625
3,6525375,4,3,3,NA,0,0,0,0,"amt","IND","25","Madras","",NA,NA,0,"",0
3,6538446,0,0,0,NA,0,0,0,0,"amt","","","","",NA,NA,0,"",1
3,6550480,0,0,0,NA,0,0,0,0,"amt","","","","",NA,NA,0,"",1
3,6563884,11,2,4,NA,0,0,0,0,"cbf","USA","CA","Berkeley","",NA,NA,0,"",0.5
3,6588440,0,0,0,NA,0,0,0,0,"amt","","","","",NA,NA,0,"",1
3,6611915,0,0,0,NA,0,0,0,0,"cbf","","","","",NA,NA,0,"",1
3,6623586,2,1,1,NA,0,0,0,0,"amt","IND","13","Kozhikode","",NA,NA,0,"",0
3,6677788,0,0,0,NA,0,0,0,0,"amt","","","","",NA,NA,0,"",1
3,6700623,0,0,0,NA,0,0,0,0,"amt","","","","",NA,NA,0,"",1
3,6702996,0,0,0,NA,0,0,0,0,"zoombucks","","","","",NA,NA,0,"",1
3,6705569,2,1,1,NA,0,0,0,0,"amt","IND","19","Bangalore","",NA,NA,0,"",0
3,6717812,9,2,6,NA,0,0,0,0,"getpaid","IND","28","Kolkata","",NA,NA,0,"",0.6667
3,6765920,18,4,13,NA,0,0,0,0,"fusioncash","CAN","BC","Vancouver","",NA,NA,0,"",0.6923
3,6791844,2,0,1,NA,0,0,0,0,"getpaid","BRA","30","Santa Cruz Do Capibaribe","",NA,NA,0,"",1
3,6890312,50,3,23,NA,0,0,0,0,"cbf","USA","MS","Jackson","",NA,NA,0,"",0.8696
3,6904251,0,0,0,NA,0,0,0,0,"amt","","","","",NA,NA,0,"",1
3,6906181,2,1,2,NA,0,0,0,0,"amt","IND","19","Bangalore","",NA,NA,0,"",0.5
3,6956118,0,0,0,NA,0,0,0,0,"amt","","","","",NA,NA,0,"",1
3,6956584,3,0,1,NA,0,0,0,0,"getpaid","PHL","","","",NA,NA,0,"",1
3,7016073,30,0,6,NA,0,0,0,0,"zoombucks","USA","NY","New York","",NA,NA,0,"",1
3,7059682,4,3,3,NA,0,0,0,0,"zoombucks","IDN","04","Jakarta","",NA,NA,0,"",0
3,7083577,2,1,2,NA,0,0,0,0,"amt","IND","19","Bangalore","",NA,NA,0,"",0.5
3,7122891,0,0,0,NA,0,0,0,0,"getpaid","","","","",NA,NA,0,"",1
3,7134497,8,0,6,NA,0,0,0,0,"fusioncash","USA","UT","Logan","",NA,NA,0,"",1
3,7146882,10,0,4,NA,0,0,0,0,"getpaid","EGY","11","Cairo","",NA,NA,0,"",1
3,7157077,26,1,11,NA,0,0,0,0,"fusioncash","USA","NJ","Ridgewood","",NA,NA,0,"",0.9091
3,7174003,6,1,1,NA,0,0,0,0,"cbf","USA","FL","Tampa","",NA,NA,0,"",0
3,7188153,6,2,5,NA,0,0,0,0,"getpaid","PHL","D9","Makati","",NA,NA,0,"",0.6
3,7188553,50,0,8,NA,0,0,0,0,"cbf","USA","NV","Fallon","",NA,NA,0,"",1
3,7189557,5,4,4,NA,0,0,0,0,"getpaid","GRC","35","Athens","",NA,NA,0,"",0
3,7221162,1,1,1,NA,0,0,0,0,"getpaid","TWN","04","Kaohsiung","",NA,NA,0,"",0
3,7241113,5,2,2,NA,0,0,0,0,"zoombucks","USA","CA","Moorpark","",NA,NA,0,"",0
3,7247972,0,0,0,NA,0,0,0,0,"amt","","","","",NA,NA,0,"",1
3,7296465,6,4,4,NA,0,0,0,0,"zoombucks","USA","NY","Stanfordville","",NA,NA,0,"",0
3,7302025,0,0,0,NA,0,0,0,0,"amt","","","","",NA,NA,0,"",1
3,7305411,0,0,0,NA,0,0,0,0,"amt","","","","",NA,NA,0,"",1
3,7320883,9,2,6,NA,0,0,0,0,"zoombucks","AUS","02","Sydney","",NA,NA,0,"",0.6667
3,7321198,4,1,2,NA,0,0,0,0,"amt","PAK","08","Islamabad","",NA,NA,0,"",0.5
3,7322627,0,0,0,NA,0,0,0,0,"zoombucks","","","","",NA,NA,0,"",1
3,7342707,7,3,4,NA,0,0,0,0,"cbf","USA","NJ","Edison","",NA,NA,0,"",0.25
3,7350542,9,2,5,NA,0,0,0,0,"getpaid","PHL","","","",NA,NA,0,"",0.6
3,7385617,11,0,5,NA,0,0,0,0,"zoombucks","CAN","ON","North Bay","",NA,NA,0,"",1
3,7403522,0,0,0,NA,0,0,0,0,"amt","","","","",NA,NA,0,"",1
3,7410380,0,0,0,NA,0,0,0,0,"cbf","","","","",NA,NA,0,"",1
3,7416504,0,0,0,NA,0,0,0,0,"amt","","","","",NA,NA,0,"",1
3,7416947,6,2,4,NA,0,0,0,0,"getpaid","IND","16","Kolhapur","",NA,NA,0,"",0.5
3,7424112,0,0,0,NA,0,0,0,0,"amt","","","","",NA,NA,0,"",1
3,7440885,6,1,4,NA,0,0,0,0,"getpaid","PHL","33","Pacita Complex","",NA,NA,0,"",0.75
3,7453165,0,0,0,NA,0,0,0,0,"amt","","","","",NA,NA,0,"",1
3,7466606,0,0,0,NA,0,0,0,0,"amt","","","","",NA,NA,0,"",1
3,7485747,0,0,0,NA,0,0,0,0,"amt","","","","",NA,NA,0,"",1
3,7494355,6,2,4,NA,0,0,0,0,"amt","IND","16","Pune","",NA,NA,0,"",0.5
3,7499372,10,2,4,NA,0,0,0,0,"amt","IND","19","Bangalore","",NA,NA,0,"",0.5
3,7499818,4,1,2,NA,0,0,0,0,"amt","IND","19","Bangalore","",NA,NA,0,"",0.5
3,7509850,12,2,4,NA,0,0,0,0,"cbf","USA","NH","Nashua","",NA,NA,0,"",0.5
3,7511295,0,0,0,NA,0,0,0,0,"amt","","","","",NA,NA,0,"",1
3,7521989,1,0,1,NA,0,0,0,0,"amt","IND","25","Thanjavur","",NA,NA,0,"",1
3,7530933,2,0,1,NA,0,0,0,0,"fusioncash","USA","WI","Milwaukee","",NA,NA,0,"",1
3,7558714,0,0,0,NA,0,0,0,0,"amt","","","","",NA,NA,0,"",1
3,7569067,0,0,0,NA,0,0,0,0,"amt","","","","",NA,NA,0,"",1
3,7572733,0,0,0,NA,0,0,0,0,"amt","","","","",NA,NA,0,"",1
3,7580988,0,0,0,NA,0,0,0,0,"amt","","","","",NA,NA,0,"",1
3,7603715,0,0,0,NA,0,0,0,0,"amt","","","","",NA,NA,0,"",1
3,7612465,7,3,4,NA,0,0,0,0,"amt","IND","07","Delhi","",NA,NA,0,"",0.25
3,7614761,6,1,4,NA,0,0,0,0,"zoombucks","USA","AZ","Chandler","",NA,NA,0,"",0.75
3,7630568,0,0,0,NA,0,0,0,0,"amt","","","","",NA,NA,0,"",1
3,7657267,0,0,0,NA,0,0,0,0,"amt","","","","",NA,NA,0,"",1
3,7668622,0,0,0,NA,0,0,0,0,"amt","","","","",NA,NA,0,"",1
3,7673636,3,0,1,NA,0,0,0,0,"amt","IND","13","Kochi","",NA,NA,0,"",1
3,7676801,0,0,0,NA,0,0,0,0,"amt","","","","",NA,NA,0,"",1
3,7679153,5,4,4,NA,0,0,0,0,"getpaid","CHN","22","Beijing","",NA,NA,0,"",0
3,7692924,9,3,5,NA,0,0,0,0,"amt","IND","07","New Delhi","",NA,NA,0,"",0.4
3,7704052,0,0,0,NA,0,0,0,0,"amt","","","","",NA,NA,0,"",1
3,7708916,6,2,4,NA,0,0,0,0,"zoombucks","MAR","07","Casablanca","",NA,NA,0,"",0.5
3,7722648,2,0,2,NA,0,0,0,0,"amt","IND","07","Delhi","",NA,NA,0,"",1
3,7748549,0,0,0,NA,0,0,0,0,"amt","","","","",NA,NA,0,"",1
3,7750773,0,0,0,NA,0,0,0,0,"amt","","","","",NA,NA,0,"",1
3,7754515,3,0,1,NA,0,0,0,0,"zoombucks","CAN","ON","Barrie","",NA,NA,0,"",1
3,7762692,2,1,2,NA,0,0,0,0,"cbf","USA","SC","Seneca","",NA,NA,0,"",0.5
3,7771872,0,0,0,NA,0,0,0,0,"amt","","","","",NA,NA,0,"",1
3,7773740,0,0,0,NA,0,0,0,0,"amt","","","","",NA,NA,0,"",1
3,7788151,0,0,0,NA,0,0,0,0,"amt","","","","",NA,NA,0,"",1
3,7792252,0,0,0,NA,0,0,0,0,"amt","","","","",NA,NA,0,"",1
3,7792741,0,0,0,NA,0,0,0,0,"amt","","","","",NA,NA,0,"",1
3,7812475,0,0,0,NA,0,0,0,0,"amt","","","","",NA,NA,0,"",1
3,7820297,0,0,0,NA,0,0,0,0,"amt","","","","",NA,NA,0,"",1
3,7820521,0,0,0,NA,0,0,0,0,"amt","","","","",NA,NA,0,"",1
3,7824046,0,0,0,NA,0,0,0,0,"amt","","","","",NA,NA,0,"",1
3,7827240,43,4,27,NA,0,0,0,0,"getpaid","PHL","C6","Dadiangas","",NA,NA,0,"",0.8519
3,7830543,5,2,3,NA,0,0,0,0,"amt","IND","25","Madras","",NA,NA,0,"",0.3333
3,7835246,1,0,0,NA,0,0,0,0,"amt","IND","19","Bangalore","",NA,NA,0,"",1
3,7838478,0,0,0,NA,0,0,0,0,"amt","","","","",NA,NA,0,"",1
3,7847021,0,0,0,NA,0,0,0,0,"amt","","","","",NA,NA,0,"",1
3,7850567,2,0,0,NA,0,0,0,0,"cbf","USA","NY","New York","",NA,NA,0,"",1
3,7864245,11,2,6,NA,0,0,0,0,"zoombucks","CAN","ON","Ottawa","",NA,NA,0,"",0.6667
3,7866567,0,0,0,NA,0,0,0,0,"amt","","","","",NA,NA,0,"",1
3,7872350,19,0,5,NA,0,0,0,0,"getpaid","MEX","19","Guadalupe","",NA,NA,0,"",1
3,7877401,2,0,1,NA,0,0,0,0,"amt","IND","07","Delhi","",NA,NA,0,"",1
3,7901278,0,0,0,NA,0,0,0,0,"getpaid","","","","",NA,NA,0,"",1
3,7903230,0,0,0,NA,0,0,0,0,"amt","","","","",NA,NA,0,"",1
3,7909004,0,0,0,NA,0,0,0,0,"amt","","","","",NA,NA,0,"",1
3,7910714,5,0,1,NA,0,0,0,0,"amt","USA","RI","Rumford","",NA,NA,0,"",1
3,7918256,0,0,0,NA,0,0,0,0,"amt","","","","",NA,NA,0,"",1
3,7923372,7,3,4,NA,0,0,0,0,"getpaid","NGA","05","Lagos","",NA,NA,0,"",0.25
3,7934809,0,0,0,NA,0,0,0,0,"amt","","","","",NA,NA,0,"",1
3,7950388,0,0,0,NA,0,0,0,0,"amt","","","","",NA,NA,0,"",1
3,7955579,0,0,0,NA,0,0,0,0,"amt","","","","",NA,NA,0,"",1
3,7956834,0,0,0,NA,0,0,0,0,"amt","","","","",NA,NA,0,"",1
3,7956907,0,0,0,NA,0,0,0,0,"amt","","","","",NA,NA,0,"",1
3,7960323,10,2,5,NA,0,0,0,0,"amt","IND","25","Ramanathapuram","",NA,NA,0,"",0.6
3,7960776,0,0,0,NA,0,0,0,0,"amt","","","","",NA,NA,0,"",1
3,7968880,1,1,1,NA,0,0,0,0,"amt","USA","ME","Skowhegan","",NA,NA,0,"",0
3,7971901,5,0,0,NA,0,0,0,0,"amt","USA","FL","Sanford","",NA,NA,0,"",1
3,7972208,1,0,0,NA,0,0,0,0,"amt","USA","","","",NA,NA,0,"",1
3,7973033,1,1,1,NA,0,0,0,0,"amt","USA","FL","Fort Myers","",NA,NA,0,"",0
3,7974313,11,3,4,NA,0,0,0,0,"getpaid","GBR","","","",NA,NA,0,"",0.25
3,7975237,2,1,1,NA,0,0,0,0,"fusioncash","CAN","ON","Bowmanville","",NA,NA,0,"",0
3,7977867,7,3,4,NA,0,0,0,0,"getpaid","MYS","14","Kuala Lumpur","",NA,NA,0,"",0.25
3,7982483,0,0,0,NA,0,0,0,0,"getpaid","","","","",NA,NA,0,"",1
3,7989847,3,1,1,NA,0,0,0,0,"fusioncash","USA","CA","Davis","",NA,NA,0,"",0
3,7993244,0,0,0,NA,0,0,0,0,"zoombucks","","","","",NA,NA,0,"",1
3,7996871,0,0,0,NA,0,0,0,0,"amt","","","","",NA,NA,0,"",1
3,7999621,0,0,0,NA,0,0,0,0,"amt","","","","",NA,NA,0,"",1
3,8002098,10,3,4,NA,0,0,0,0,"getpaid","PHL","10","Philippine","",NA,NA,0,"",0.25
3,8004169,0,0,0,NA,0,0,0,0,"amt","","","","",NA,NA,0,"",1
3,8004713,0,0,0,NA,0,0,0,0,"amt","","","","",NA,NA,0,"",1
3,8005372,0,0,0,NA,0,0,0,0,"amt","","","","",NA,NA,0,"",1
3,8009704,0,0,0,NA,0,0,0,0,"amt","","","","",NA,NA,0,"",1
3,8013755,0,0,0,NA,0,0,0,0,"amt","","","","",NA,NA,0,"",1
3,8019895,0,0,0,NA,0,0,0,0,"amt","","","","",NA,NA,0,"",1
3,8021337,0,0,0,NA,0,0,0,0,"amt","","","","",NA,NA,0,"",1
3,8023270,0,0,0,NA,0,0,0,0,"amt","","","","",NA,NA,0,"",1
3,8023686,4,0,1,NA,0,0,0,0,"amt","IND","25","Madras","",NA,NA,0,"",1
3,8025703,16,1,12,NA,0,0,0,0,"getpaid","ITA","12","Romano Canavese","",NA,NA,0,"",0.9167
3,8027571,9,4,5,NA,0,0,0,0,"amt","IND","02","Nagari","",NA,NA,0,"",0.2
3,8027961,5,3,4,NA,0,0,0,0,"getpaid","IDN","08","Bondowoso","",NA,NA,0,"",0.25
3,8030934,0,0,0,NA,0,0,0,0,"amt","","","","",NA,NA,0,"",1
3,8031690,3,2,2,NA,0,0,0,0,"getpaid","LTU","65","Vilnius","",NA,NA,0,"",0
3,8032470,0,0,0,NA,0,0,0,0,"amt","","","","",NA,NA,0,"",1
3,8040322,20,4,14,NA,0,0,0,0,"sedgroup","AUS","04","Brisbane","",NA,NA,0,"",0.7143
3,8040355,0,0,0,NA,0,0,0,0,"amt","","","","",NA,NA,0,"",1
3,8042599,7,0,4,NA,0,0,0,0,"getpaid","GEO","19","Tbilisi","",NA,NA,0,"",1
3,8043002,0,0,0,NA,0,0,0,0,"amt","","","","",NA,NA,0,"",1
3,8044591,0,0,0,NA,0,0,0,0,"amt","","","","",NA,NA,0,"",1
3,8046162,0,0,0,NA,0,0,0,0,"amt","","","","",NA,NA,0,"",1
3,8048618,0,0,0,NA,0,0,0,0,"amt","","","","",NA,NA,0,"",1
3,8052100,6,2,3,NA,0,0,0,0,"getpaid","IND","16","Mumbai","",NA,NA,0,"",0.3333
3,8053287,0,0,0,NA,0,0,0,0,"amt","","","","",NA,NA,0,"",1
3,8055517,2,1,2,NA,0,0,0,0,"amt","USA","PA","Halifax","",NA,NA,0,"",0.5
3,8055886,7,3,4,NA,0,0,0,0,"getpaid","PHL","D9","Makati","",NA,NA,0,"",0.25
3,8058065,0,0,0,NA,0,0,0,0,"amt","","","","",NA,NA,0,"",1
3,8058228,7,0,4,NA,0,0,0,0,"getpaid","BWA","09","Gaborone","",NA,NA,0,"",1
3,8058891,2,0,0,NA,0,0,0,0,"amt","USA","TX","Houston","",NA,NA,0,"",1
3,8060586,0,0,0,NA,0,0,0,0,"amt","","","","",NA,NA,0,"",1
3,8062456,10,0,4,NA,0,0,0,0,"amt","USA","NM","Albuquerque","",NA,NA,0,"",1
3,8064365,3,2,2,NA,0,0,0,0,"getpaid","ECU","18","Quito","",NA,NA,0,"",0
3,8064692,10,2,4,NA,0,0,0,0,"cbf","USA","CA","Los Angeles","",NA,NA,0,"",0.5
3,8064972,1,0,0,NA,0,0,0,0,"getpaid","COL","02","Medellín","",NA,NA,0,"",1
3,8065315,1,1,1,NA,0,0,0,0,"amt","IND","25","Sivakasi","",NA,NA,0,"",0
3,8065460,7,0,4,NA,0,0,0,0,"fusioncash","USA","IN","Brookston","",NA,NA,0,"",1
3,8065565,0,0,0,NA,0,0,0,0,"amt","","","","",NA,NA,0,"",1
3,8065593,2,2,2,NA,0,0,0,0,"getpaid","BGD","81","Dhaka","",NA,NA,0,"",0
3,8065709,0,0,0,NA,0,0,0,0,"getpaid","","","","",NA,NA,0,"",1
3,8065754,14,3,4,NA,0,0,0,0,"getpaid","IND","28","Kolkata","",NA,NA,0,"",0.25
3,8066076,1,0,1,NA,0,0,0,0,"getpaid","SAU","14","Jiddah","",NA,NA,0,"",1
3,8066220,0,0,0,NA,0,0,0,0,"amt","","","","",NA,NA,0,"",1
3,8066268,6,2,4,NA,0,0,0,0,"getpaid","ARG","07","Buenos Aires","",NA,NA,0,"",0.5
3,8066508,0,0,0,NA,0,0,0,0,"amt","","","","",NA,NA,0,"",1
3,8066638,2,0,1,NA,0,0,0,0,"getpaid","BOL","04","La Paz","",NA,NA,0,"",1
3,8066640,4,2,2,NA,0,0,0,0,"getpaid","HND","08","Tegucigalpa","",NA,NA,0,"",0
3,8067460,9,1,4,NA,0,0,0,0,"getpaid","RUS","84","Volgograd","",NA,NA,0,"",0.75
3,8067560,1,0,1,NA,0,0,0,0,"getpaid","PHL","D9","Manila","",NA,NA,0,"",1
3,8067642,5,3,4,NA,0,0,0,0,"getpaid","ARG","07","Buenos Aires","",NA,NA,0,"",0.25
3,8067825,6,2,4,NA,0,0,0,0,"getpaid","IDN","08","Surabaya","",NA,NA,0,"",0.5
3,8067990,10,2,4,NA,0,0,0,0,"getpaid","ECU","14","Portoviejo","",NA,NA,0,"",0.5
3,8068230,2,1,1,NA,0,0,0,0,"getpaid","IDN","08","Jombang","",NA,NA,0,"",0
3,8068236,3,2,2,NA,0,0,0,0,"getpaid","COL","02","Medellín","",NA,NA,0,"",0
3,8068937,0,0,0,NA,0,0,0,0,"amt","","","","",NA,NA,0,"",1
3,8070293,0,0,0,NA,0,0,0,0,"amt","","","","",NA,NA,0,"",1
3,8071959,0,0,0,NA,0,0,0,0,"amt","","","","",NA,NA,0,"",1
3,8072659,0,0,0,NA,0,0,0,0,"amt","","","","",NA,NA,0,"",1
3,8078525,0,0,0,NA,0,0,0,0,"amt","","","","",NA,NA,0,"",1
3,8082559,0,0,0,NA,0,0,0,0,"amt","","","","",NA,NA,0,"",1
3,8093670,0,0,0,NA,0,0,0,0,"amt","","","","",NA,NA,0,"",1
3,8098463,0,0,0,NA,0,0,0,0,"amt","","","","",NA,NA,0,"",1
3,8108838,0,0,0,NA,0,0,0,0,"amt","","","","",NA,NA,0,"",1
3,8112315,0,0,0,NA,0,0,0,0,"amt","","","","",NA,NA,0,"",1
3,8115005,0,0,0,NA,0,0,0,0,"amt","","","","",NA,NA,0,"",1
3,8117770,0,0,0,NA,0,0,0,0,"amt","","","","",NA,NA,0,"",1
3,8131445,0,0,0,NA,0,0,0,0,"amt","","","","",NA,NA,0,"",1
3,8134867,0,0,0,NA,0,0,0,0,"amt","","","","",NA,NA,0,"",1
3,8135181,0,0,0,NA,0,0,0,0,"amt","","","","",NA,NA,0,"",1
3,8137600,0,0,0,NA,0,0,0,0,"amt","","","","",NA,NA,0,"",1
3,8161355,0,0,0,NA,0,0,0,0,"amt","","","","",NA,NA,0,"",1
3,8162265,0,0,0,NA,0,0,0,0,"amt","","","","",NA,NA,0,"",1
3,8170457,0,0,0,NA,0,0,0,0,"amt","","","","",NA,NA,0,"",1
3,8182054,0,0,0,NA,0,0,0,0,"amt","","","","",NA,NA,0,"",1
3,8183725,0,0,0,NA,0,0,0,0,"amt","","","","",NA,NA,0,"",1
4,5,1,0,0,NA,0,0,0,0,"amt","USA","NC","Raleigh","",NA,NA,0,"",1
4,585,2,1,2,NA,0,0,0,0,"amt","USA","WV","Hedgesville","",NA,NA,0,"",0.5
4,1273,0,0,0,NA,0,0,0,0,"amt","","","","",NA,NA,0,"",1
4,1739,2,2,2,NA,0,0,0,0,"amt","IND","07","Delhi","",NA,NA,0,"",0
4,2078,0,0,0,NA,0,0,0,0,"amt","","","","",NA,NA,0,"",1
4,61513,7,0,6,NA,0,0,0,0,"amt","USA","GA","Cumming","",NA,NA,0,"",1
4,127592,50,1,16,NA,0,0,0,0,"amt","IND","09","Surat","",NA,NA,0,"",0.9375
4,152778,0,0,0,NA,0,0,0,0,"amt","","","","",NA,NA,0,"",1
4,251363,11,2,4,NA,0,0,0,0,"amt","SVN","09","Celje","",NA,NA,0,"",0.5
4,269103,2,1,1,NA,0,0,0,0,"amt","IND","","","",NA,NA,0,"",0
4,313383,0,0,0,NA,0,0,0,0,"amt","","","","",NA,NA,0,"",1
4,631055,0,0,0,NA,0,0,0,0,"amt","","","","",NA,NA,0,"",1
4,666206,2,0,0,NA,0,0,0,0,"amt","IND","25","Madurai","",NA,NA,0,"",1
4,794254,0,0,0,NA,0,0,0,0,"amt","","","","",NA,NA,0,"",1
4,848843,6,4,6,NA,0,0,0,0,"amt","IND","25","Thanjavur","",NA,NA,0,"",0.3333
4,866447,15,3,4,NA,0,0,0,0,"amt","BGD","","","",NA,NA,0,"",0.25
4,888289,5,2,5,NA,0,0,0,0,"amt","IND","25","Coimbatore","",NA,NA,0,"",0.6
4,986234,3,1,1,NA,0,0,0,0,"amt","IND","13","Kochi","",NA,NA,0,"",0
4,1063417,13,1,4,NA,0,0,0,0,"amt","IND","25","Madurai","",NA,NA,0,"",0.75
4,1223258,2,1,1,NA,0,0,0,0,"amt","USA","MA","Stoughton","",NA,NA,0,"",0
4,1257800,0,0,0,NA,0,0,0,0,"amt","","","","",NA,NA,0,"",1
4,1387466,0,0,0,NA,0,0,0,0,"amt","","","","",NA,NA,0,"",1
4,1446801,13,2,5,NA,0,0,0,0,"amt","IND","13","Kannur","",NA,NA,0,"",0.6
4,1511157,0,0,0,NA,0,0,0,0,"amt","","","","",NA,NA,0,"",1
4,1665345,0,0,0,NA,0,0,0,0,"amt","","","","",NA,NA,0,"",1
4,1669185,4,0,2,NA,0,0,0,0,"amt","IND","02","Hyderabad","",NA,NA,0,"",1
4,1761529,8,2,3,NA,0,0,0,0,"amt","IND","25","Selam","",NA,NA,0,"",0.3333
4,1785850,0,0,0,NA,0,0,0,0,"amt","","","","",NA,NA,0,"",1
4,1977813,0,0,0,NA,0,0,0,0,"amt","","","","",NA,NA,0,"",1
4,2042302,2,1,1,NA,0,0,0,0,"amt","IND","13","Thrissur","",NA,NA,0,"",0
4,2161234,1,1,1,NA,0,0,0,0,"amt","IND","02","Hyderabad","",NA,NA,0,"",0
4,2189867,10,2,5,NA,0,0,0,0,"amt","IND","25","Selam","",NA,NA,0,"",0.6
4,2249558,0,0,0,NA,0,0,0,0,"amt","","","","",NA,NA,0,"",1
4,2252283,3,0,1,NA,0,0,0,0,"amt","IND","16","Mumbai","",NA,NA,0,"",1
4,2269414,0,0,0,NA,0,0,0,0,"amt","","","","",NA,NA,0,"",1
4,2317511,5,2,2,NA,0,0,0,0,"amt","IND","25","Madras","",NA,NA,0,"",0
4,2412394,2,1,1,NA,0,0,0,0,"amt","ROU","23","Iasi","",NA,NA,0,"",0
4,2429663,32,0,6,NA,0,0,0,0,"amt","USA","TX","Cedar Park","",NA,NA,0,"",1
4,2556343,6,4,4,NA,0,0,0,0,"amt","IND","25","Thanjavur","",NA,NA,0,"",0
4,2699778,1,1,1,NA,0,0,0,0,"amt","IND","25","Selam","",NA,NA,0,"",0
4,2733430,1,1,1,NA,0,0,0,0,"amt","IND","02","Hyderabad","",NA,NA,0,"",0
4,3098571,16,3,5,NA,0,0,0,0,"amt","IND","25","Coimbatore","",NA,NA,0,"",0.4
4,3244252,6,2,4,NA,0,0,0,0,"amt","IND","25","Tiruchchirappalli","",NA,NA,0,"",0.5
4,3319705,6,1,3,NA,0,0,0,0,"amt","IND","25","Madras","",NA,NA,0,"",0.6667
4,3377467,0,0,0,NA,0,0,0,0,"amt","","","","",NA,NA,0,"",1
4,3446207,3,1,1,NA,0,0,0,0,"amt","IND","13","Calicut","",NA,NA,0,"",0
4,3451856,10,3,6,NA,0,0,0,0,"amt","IND","25","Madras","",NA,NA,0,"",0.5
4,3577163,5,2,4,NA,0,0,0,0,"amt","IND","25","Tiruchchirappalli","",NA,NA,0,"",0.5
4,3615865,16,0,6,NA,0,0,0,0,"cbf","USA","KS","Columbus","",NA,NA,0,"",1
4,3624653,50,1,11,NA,0,0,0,0,"cbf","USA","VA","Richmond","",NA,NA,0,"",0.9091
4,3668469,11,2,4,NA,0,0,0,0,"amt","IND","25","Selam","",NA,NA,0,"",0.5
4,3674331,2,2,2,NA,0,0,0,0,"cbf","USA","NY","New York","",NA,NA,0,"",0
4,3750067,0,0,0,NA,0,0,0,0,"amt","","","","",NA,NA,0,"",1
4,3755554,10,2,4,NA,0,0,0,0,"amt","IND","","","",NA,NA,0,"",0.5
4,3760711,8,2,5,NA,0,0,0,0,"cbf","USA","AR","Fayetteville","",NA,NA,0,"",0.6
4,3809849,0,0,0,NA,0,0,0,0,"amt","","","","",NA,NA,0,"",1
4,3898344,1,0,0,NA,0,0,0,0,"amt","IND","25","Coimbatore","",NA,NA,0,"",1
4,3915898,6,2,5,NA,0,0,0,0,"amt","IND","25","Tiruchchirappalli","",NA,NA,0,"",0.6
4,3938176,10,2,5,NA,0,0,0,0,"amt","IND","25","Tiruchchirappalli","",NA,NA,0,"",0.6
4,3939204,10,2,5,NA,0,0,0,0,"amt","IND","25","Tiruchchirappalli","",NA,NA,0,"",0.6
4,3975150,10,2,4,NA,0,0,0,0,"amt","PAK","08","Islamabad","",NA,NA,0,"",0.5
4,4075329,0,0,0,NA,0,0,0,0,"amt","","","","",NA,NA,0,"",1
4,4089062,9,4,4,NA,0,0,0,0,"amt","IND","25","Madurai","",NA,NA,0,"",0
4,4140173,10,3,5,NA,0,0,0,0,"amt","IND","25","Madurai","",NA,NA,0,"",0.4
4,4155972,29,0,8,NA,0,0,0,0,"amt","AUT","04","Linz","",NA,NA,0,"",1
4,4229206,6,2,5,NA,0,0,0,0,"amt","IND","25","Tiruchchirappalli","",NA,NA,0,"",0.6
4,4232758,6,2,5,NA,0,0,0,0,"amt","IND","25","Tiruchchirappalli","",NA,NA,0,"",0.6
4,4276472,5,2,3,NA,0,0,0,0,"amt","IND","25","Madras","",NA,NA,0,"",0.3333
4,4290906,4,1,3,NA,0,0,0,0,"amt","IND","25","Madras","",NA,NA,0,"",0.6667
4,4291811,10,2,5,NA,0,0,0,0,"amt","IND","25","Tiruchchirappalli","",NA,NA,0,"",0.6
4,4311573,6,2,5,NA,0,0,0,0,"amt","IND","25","Tiruchchirappalli","",NA,NA,0,"",0.6
4,4313154,3,2,2,NA,0,0,0,0,"amt","IND","","","",NA,NA,0,"",0
4,4317805,10,2,5,NA,0,0,0,0,"amt","IND","25","Tiruchchirappalli","",NA,NA,0,"",0.6
4,4384942,6,2,4,NA,0,0,0,0,"amt","IND","25","Madras","",NA,NA,0,"",0.5
4,4421334,2,1,1,NA,0,0,0,0,"cbf","USA","NJ","Cedar Grove","",NA,NA,0,"",0
4,4425572,7,2,5,NA,0,0,0,0,"amt","IND","25","Velluru","",NA,NA,0,"",0.6
4,4471846,15,0,7,NA,0,0,0,0,"amt","USA","TX","Texarkana","",NA,NA,0,"",1
4,4488644,4,4,4,NA,0,0,0,0,"amt","IND","25","Selam","",NA,NA,0,"",0
4,4523584,0,0,0,NA,0,0,0,0,"amt","","","","",NA,NA,0,"",1
4,4543059,5,2,5,NA,0,0,0,0,"amt","IND","25","Tiruchchirappalli","",NA,NA,0,"",0.6
4,4543494,7,2,5,NA,0,0,0,0,"amt","IND","25","Tiruchchirappalli","",NA,NA,0,"",0.6
4,4622247,0,0,0,NA,0,0,0,0,"amt","","","","",NA,NA,0,"",1
4,4626640,0,0,0,NA,0,0,0,0,"amt","","","","",NA,NA,0,"",1
4,4634272,6,3,4,NA,0,0,0,0,"amt","IND","25","Karur","",NA,NA,0,"",0.25
4,4648435,0,0,0,NA,0,0,0,0,"amt","","","","",NA,NA,0,"",1
4,4665417,9,3,4,NA,0,0,0,0,"amt","IND","13","Kochi","",NA,NA,0,"",0.25
4,4692401,0,0,0,NA,0,0,0,0,"amt","","","","",NA,NA,0,"",1
4,4701042,1,0,0,NA,0,0,0,0,"amt","CHN","23","Shanghai","",NA,NA,0,"",1
4,4703539,13,2,5,NA,0,0,0,0,"amt","MKD","41","Skopje","",NA,NA,0,"",0.6
4,4729929,1,0,1,NA,0,0,0,0,"amt","CAN","ON","Toronto","",NA,NA,0,"",1
4,4798151,11,2,5,NA,0,0,0,0,"amt","IND","25","Tiruchchirappalli","",NA,NA,0,"",0.6
4,4798258,0,0,0,NA,0,0,0,0,"amt","","","","",NA,NA,0,"",1
4,4800907,0,0,0,NA,0,0,0,0,"amt","","","","",NA,NA,0,"",1
4,5014291,14,0,7,NA,0,0,0,0,"zoombucks","ROU","10","Bucharest","",NA,NA,0,"",1
4,5020544,6,3,5,NA,0,0,0,0,"amt","IND","25","Coimbatore","",NA,NA,0,"",0.4
4,5047942,3,0,3,NA,0,0,0,0,"amt","IND","22","Pondicherry","",NA,NA,0,"",1
4,5065944,9,3,4,NA,0,0,0,0,"cbf","DEU","01","Göppingen","",NA,NA,0,"",0.25
4,5213140,0,0,0,NA,0,0,0,0,"amt","","","","",NA,NA,0,"",1
4,5223232,5,3,3,NA,0,0,0,0,"amt","IND","","","",NA,NA,0,"",0
4,5249180,0,0,0,NA,0,0,0,0,"zoombucks","","","","",NA,NA,0,"",1
4,5265721,5,1,2,NA,0,0,0,0,"amt","IND","25","Karur","",NA,NA,0,"",0.5
4,5284461,7,2,4,NA,0,0,0,0,"zoombucks","TUR","81","Adana","",NA,NA,0,"",0.5
4,5425025,50,5,27,NA,0,0,0,0,"amt","IND","25","Madras","",NA,NA,0,"",0.8148
4,5427928,1,0,0,NA,0,0,0,0,"amt","IND","19","Bangalore","",NA,NA,0,"",1
4,5428966,6,2,4,NA,0,0,0,0,"amt","IND","25","Velluru","",NA,NA,0,"",0.5
4,5531406,8,0,2,NA,0,0,0,0,"zoombucks","CAN","ON","Ajax","",NA,NA,0,"",1
4,5584399,0,0,0,NA,0,0,0,0,"amt","","","","",NA,NA,0,"",1
4,5585381,1,1,1,NA,0,0,0,0,"fusioncash","USA","IL","Roselle","",NA,NA,0,"",0
4,5590448,6,3,4,NA,0,0,0,0,"fusioncash","USA","MD","Hyattsville","",NA,NA,0,"",0.25
4,5629005,4,2,4,NA,0,0,0,0,"amt","IND","25","Madras","",NA,NA,0,"",0.5
4,5648758,10,2,4,NA,0,1,0,0,"getpaid","ESP","29","Fuenlabrada","",NA,NA,0,"",0.5
4,5652147,2,1,1,NA,0,0,0,0,"zoombucks","USA","CT","Stamford","",NA,NA,0,"",0
4,5652411,8,0,4,NA,0,0,0,0,"fusioncash","USA","AL","Tuscaloosa","",NA,NA,0,"",1
4,5680371,0,0,0,NA,0,0,0,0,"amt","","","","",NA,NA,0,"",1
4,5693450,1,0,0,NA,0,0,0,0,"amt","IND","25","Coimbatore","",NA,NA,0,"",1
4,5726184,11,4,5,NA,0,0,0,0,"amt","IND","22","Pondicherry","",NA,NA,0,"",0.2
4,5778164,1,0,1,NA,0,0,0,0,"fusioncash","USA","GA","Augusta","",NA,NA,0,"",1
4,5789232,1,0,0,NA,0,0,0,0,"amt","IND","25","Coimbatore","",NA,NA,0,"",1
4,5821041,8,2,5,NA,0,0,0,0,"amt","MKD","41","Skopje","",NA,NA,0,"",0.6
4,5847716,4,1,1,NA,0,0,0,0,"fusioncash","USA","VA","Virginia Beach","",NA,NA,0,"",0
4,5854300,6,1,5,NA,0,0,0,0,"zoombucks","USA","NJ","Edison","",NA,NA,0,"",0.8
4,5865309,6,0,4,NA,0,0,0,0,"cbf","USA","NY","East Elmhurst","",NA,NA,0,"",1
4,5873949,10,0,4,NA,0,0,0,0,"cbf","USA","NY","New York","",NA,NA,0,"",1
4,5874446,8,3,5,NA,0,0,0,0,"amt","IND","25","Tiruchchirappalli","",NA,NA,0,"",0.4
4,5883092,6,4,4,NA,0,0,0,0,"cbf","USA","FL","Sebring","",NA,NA,0,"",0
4,5905125,5,2,4,NA,0,0,0,0,"cbf","USA","IL","Sandoval","",NA,NA,0,"",0.5
4,5917071,18,1,12,NA,0,0,0,0,"fusioncash","USA","NY","Bronx","",NA,NA,0,"",0.9167
4,5919735,9,2,4,NA,0,0,0,0,"zoombucks","USA","PA","Philadelphia","",NA,NA,0,"",0.5
4,5924508,3,0,0,NA,0,0,0,0,"amt","IND","25","Tiruchchirappalli","4/7/2012 12:45:32",NA,NA,0,"Out of order post (5ab15b536f3a87f40fc74f94ad0a4b74a0532b94 for )",1
4,5958444,50,4,27,NA,0,0,0,0,"fusioncash","USA","NV","Las Vegas","",NA,NA,0,"",0.8519
4,5992620,3,0,1,NA,0,0,0,0,"amt","USA","MI","Huntington Woods","",NA,NA,0,"",1
4,6004171,0,0,0,NA,0,0,0,0,"amt","","","","",NA,NA,0,"",1
4,6019110,10,4,4,NA,0,0,0,0,"amt","IND","25","Namakkal","",NA,NA,0,"",0
4,6026750,7,0,4,NA,0,0,0,0,"getpaid","ITA","04","Naples","",NA,NA,0,"",1
4,6043161,0,0,0,NA,0,0,0,0,"amt","","","","",NA,NA,0,"",1
4,6054247,6,3,4,NA,0,0,0,0,"amt","IND","25","Madras","",NA,NA,0,"",0.25
4,6056947,0,0,0,NA,0,0,0,0,"getpaid","","","","",NA,NA,0,"",1
4,6068757,7,2,5,NA,0,0,0,0,"amt","IND","25","Tirunelveli","",NA,NA,0,"",0.6
4,6075791,1,1,1,NA,0,0,0,0,"amt","IND","","","",NA,NA,0,"",0
4,6080078,9,2,6,NA,0,0,0,0,"amt","IND","25","Tiruchchirappalli","",NA,NA,0,"",0.6667
4,6082666,11,3,5,NA,0,0,0,0,"amt","IND","25","Madurai","",NA,NA,0,"",0.4
4,6092975,7,3,4,NA,0,0,0,0,"amt","IND","19","Bangalore","",NA,NA,0,"",0.25
4,6104652,9,3,7,NA,0,0,0,0,"amt","IND","","","",NA,NA,0,"",0.5714
4,6111409,16,0,4,NA,0,0,0,0,"fusioncash","USA","OH","Salem","",NA,NA,0,"",1
4,6126645,0,0,0,NA,0,0,0,0,"amt","","","","",NA,NA,0,"",1
4,6157119,2,0,2,NA,0,0,0,0,"amt","IND","02","Hyderabad","",NA,NA,0,"",1
4,6204179,6,3,4,NA,0,0,0,0,"amt","IND","09","Ahmadabad","",NA,NA,0,"",0.25
4,6217463,9,2,4,NA,0,0,0,0,"amt","IND","","","",NA,NA,0,"",0.5
4,6240387,3,0,1,NA,0,0,0,0,"fusioncash","USA","NY","Fulton","",NA,NA,0,"",1
4,6246732,12,2,5,NA,0,0,0,0,"amt","MKD","41","Skopje","",NA,NA,0,"",0.6
4,6302663,8,2,4,NA,0,0,0,0,"getpaid","PAK","08","Islamabad","",NA,NA,0,"",0.5
4,6321138,0,0,0,NA,0,0,0,0,"amt","","","","",NA,NA,0,"",1
4,6412778,34,2,13,NA,0,0,0,0,"getpaid","IND","10","Gurgaon","4/7/2012 14:13:17",NA,NA,0,"Out of order post (670ab5fc8504f628b86df980e09ea9f83364a865 for )",0.8462
4,6427548,2,0,0,NA,0,0,0,0,"amt","AUS","02","Kirribilli","",NA,NA,0,"",1
4,6436357,5,4,5,NA,0,0,0,0,"amt","IND","19","Bangalore","",NA,NA,0,"",0.2
4,6437562,5,4,4,NA,0,0,0,0,"cbf","USA","TN","Bristol","",NA,NA,0,"",0
4,6450369,14,2,4,NA,0,0,0,0,"cbf","USA","IL","Chicago","",NA,NA,0,"",0.5
4,6473797,50,0,9,NA,0,0,0,0,"zoombucks","ISR","05","Bat Yam","",NA,NA,0,"",1
4,6494196,0,0,0,NA,0,0,0,0,"amt","","","","",NA,NA,0,"",1
4,6507521,1,1,1,NA,0,0,0,0,"amt","IND","28","Calcutta","",NA,NA,0,"",0
4,6516043,8,1,4,NA,0,0,0,0,"amt","IND","","","",NA,NA,0,"",0.75
4,6522489,9,2,6,NA,0,0,0,0,"getpaid","IND","38","Dhanbad","",NA,NA,0,"",0.6667
4,6525375,0,0,0,NA,0,0,0,0,"amt","","","","",NA,NA,0,"",1
4,6544973,0,0,0,NA,0,0,0,0,"amt","","","","",NA,NA,0,"",1
4,6550480,2,1,1,NA,0,0,0,0,"amt","IND","25","Tirunelveli","",NA,NA,0,"",0
4,6551956,0,0,0,NA,0,0,0,0,"amt","","","","",NA,NA,0,"",1
4,6556453,6,3,5,NA,0,0,0,0,"amt","PAK","04","Faisalabad","",NA,NA,0,"",0.4
4,6570955,5,0,3,NA,0,0,0,0,"getpaid","ISR","05","Holon","",NA,NA,0,"",1
4,6588440,1,0,0,NA,0,0,0,0,"amt","IND","25","Thanjavur","",NA,NA,0,"",1
4,6604100,2,1,1,NA,0,0,0,0,"getpaid","PAK","05","Karachi","",NA,NA,0,"",0
4,6620494,9,2,2,NA,0,0,0,0,"fusioncash","USA","MN","Saint Paul","",NA,NA,0,"",0
4,6627920,9,3,4,NA,0,0,0,0,"getpaid","GRC","13","Thessaloníki","",NA,NA,0,"",0.25
4,6654381,0,0,0,NA,0,0,0,0,"getpaid","","","","",NA,NA,0,"",1
4,6671356,9,3,4,NA,0,0,0,0,"amt","IND","19","Bangalore","",NA,NA,0,"",0.25
4,6672278,13,2,5,NA,0,0,0,0,"amt","MKD","41","Skopje","",NA,NA,0,"",0.6
4,6736841,6,2,4,NA,0,0,0,0,"getpaid","BRA","30","Abreu E Lima","",NA,NA,0,"",0.5
4,6750166,11,0,4,NA,0,0,0,0,"zoombucks","CAN","NB","Moncton","",NA,NA,0,"",1
4,6777602,2,1,2,NA,0,0,0,0,"amt","IND","25","Madurai","",NA,NA,0,"",0.5
4,6819048,1,0,0,NA,0,0,0,0,"amt","NLD","06","Tilburg","",NA,NA,0,"",1
4,6827085,7,3,4,NA,0,0,0,0,"fusioncash","CAN","BC","Maple Ridge","",NA,NA,0,"",0.25
4,6861625,4,2,2,NA,0,0,0,0,"fusioncash","USA","CA","Los Angeles","",NA,NA,0,"",0
4,6863550,6,2,5,NA,0,0,0,0,"amt","IND","19","Bangalore","",NA,NA,0,"",0.6
4,6883971,7,2,5,NA,0,0,0,0,"amt","MKD","41","Skopje","",NA,NA,0,"",0.6
4,6891428,5,2,3,NA,0,0,0,0,"amt","IND","25","Madurai","",NA,NA,0,"",0.3333
4,6938543,9,2,5,NA,0,0,0,0,"amt","MKD","41","Skopje","",NA,NA,0,"",0.6
4,6998230,3,1,2,NA,0,0,0,0,"getpaid","USA","NJ","Plainfield","",NA,NA,0,"",0.5
4,7015294,1,0,1,NA,0,0,0,0,"getpaid","PAK","04","Rawalpindi","",NA,NA,0,"",1
4,7021522,2,1,1,NA,0,0,0,0,"amt","IND","16","Mumbai","",NA,NA,0,"",0
4,7070972,0,0,0,NA,0,0,0,0,"amt","","","","",NA,NA,0,"",1
4,7093220,5,0,0,NA,0,0,0,0,"amt","IND","02","Hyderabad","",NA,NA,0,"",1
4,7096421,1,0,0,NA,0,0,0,0,"amt","DEU","16","Berlin","",NA,NA,0,"",1
4,7102690,4,3,3,NA,0,0,0,0,"amt","IND","19","Bangalore","",NA,NA,0,"",0
4,7113789,5,3,4,NA,0,0,0,0,"getpaid","PHL","","","",NA,NA,0,"",0.25
4,7134497,11,0,4,NA,0,0,0,0,"fusioncash","USA","UT","Logan","",NA,NA,0,"",1
4,7146882,7,1,6,NA,0,0,0,0,"getpaid","EGY","11","Cairo","",NA,NA,0,"",0.8333
4,7153866,8,3,4,NA,0,0,0,0,"cbf","USA","CO","Grand Junction","",NA,NA,0,"",0.25
4,7155214,10,2,5,NA,0,0,0,0,"getpaid","CHE","04","Basel","",NA,NA,0,"",0.6
4,7163796,2,0,0,NA,0,0,0,0,"amt","IND","16","Mumbai","",NA,NA,0,"",1
4,7168349,7,2,4,NA,0,0,0,0,"getpaid","PHL","53","Cainta","",NA,NA,0,"",0.5
4,7169768,6,1,4,NA,0,0,0,0,"getpaid","SRB","00","Belgrade","",NA,NA,0,"",0.75
4,7170412,5,4,4,NA,0,0,0,0,"amt","IND","25","Vaniyambadi","",NA,NA,0,"",0
4,7215629,7,1,3,NA,0,0,0,0,"getpaid","ITA","12","Turin","",NA,NA,0,"",0.6667
4,7224544,12,2,4,NA,0,0,0,0,"getpaid","PHL","05","Bagumbayan","",NA,NA,0,"",0.5
4,7274099,0,0,0,NA,0,0,0,0,"zoombucks","","","","",NA,NA,0,"",1
4,7302025,50,4,15,NA,0,0,0,0,"amt","PAK","08","Islamabad","",NA,NA,0,"",0.7333
4,7304611,0,0,0,NA,0,0,0,0,"amt","","","","",NA,NA,0,"",1
4,7305411,4,1,2,NA,0,0,0,0,"amt","IND","25","Erode","",NA,NA,0,"",0.5
4,7311790,5,1,2,NA,0,0,0,0,"amt","IND","02","Vijayawada","",NA,NA,0,"",0.5
4,7364294,0,0,0,NA,0,0,0,0,"getpaid","","","","",NA,NA,0,"",1
4,7385617,13,0,4,NA,0,0,0,0,"zoombucks","CAN","ON","North Bay","",NA,NA,0,"",1
4,7403522,10,2,4,NA,0,0,0,0,"amt","IND","25","Tiruchchirappalli","",NA,NA,0,"",0.5
4,7416947,7,2,4,NA,0,0,0,0,"getpaid","IND","16","Kolhapur","",NA,NA,0,"",0.5
4,7450860,4,1,2,NA,0,0,0,0,"getpaid","ESP","39","Santander","",NA,NA,0,"",0.5
4,7452659,5,3,4,NA,0,0,0,0,"getpaid","FIN","13","Turenki","",NA,NA,0,"",0.25
4,7453165,4,2,3,NA,0,0,0,0,"amt","IND","02","Hyderabad","",NA,NA,0,"",0.3333
4,7461074,5,2,4,NA,0,0,0,0,"getpaid","MYS","09","Penang","",NA,NA,0,"",0.5
4,7466606,3,1,1,NA,0,0,0,0,"amt","IND","25","Madras","",NA,NA,0,"",0
4,7499372,9,3,4,NA,0,0,0,0,"amt","IND","19","Bangalore","",NA,NA,0,"",0.25
4,7499818,1,0,0,NA,0,0,0,0,"amt","IND","25","Madras","",NA,NA,0,"",1
4,7502398,0,0,0,NA,0,0,0,0,"amt","","","","",NA,NA,0,"",1
4,7509850,8,3,4,NA,0,0,0,0,"cbf","USA","NH","Nashua","",NA,NA,0,"",0.25
4,7520781,1,0,0,NA,0,0,0,0,"amt","IND","19","Bangalore","",NA,NA,0,"",1
4,7522676,10,3,4,NA,0,0,0,0,"zoombucks","USA","MI","East China","",NA,NA,0,"",0.25
4,7524601,2,1,2,NA,0,0,0,0,"getpaid","LBN","04","Beirut","",NA,NA,0,"",0.5
4,7546236,2,1,1,NA,0,0,0,0,"amt","ROU","03","Pitesti","",NA,NA,0,"",0
4,7558714,10,3,4,NA,0,0,0,0,"amt","HKG","","","",NA,NA,0,"",0.25
4,7600479,9,3,4,NA,0,0,0,0,"amt","IND","02","Hyderabad","",NA,NA,0,"",0.25
4,7612465,10,2,5,NA,0,0,0,0,"amt","IND","07","Delhi","",NA,NA,0,"",0.6
4,7630568,15,2,6,NA,0,0,0,0,"amt","ROU","34","Suceava","",NA,NA,0,"",0.6667
4,7657267,1,1,1,NA,0,0,0,0,"amt","IND","25","Velluru","",NA,NA,0,"",0
4,7658984,50,1,14,NA,0,0,0,0,"zoombucks","IND","16","Mumbai","",NA,NA,0,"",0.9286
4,7668622,10,4,4,NA,0,0,0,0,"amt","PAK","04","Lahore","",NA,NA,0,"",0
4,7671216,0,0,0,NA,0,0,0,0,"getpaid","","","","",NA,NA,0,"",1
4,7676801,1,0,1,NA,0,0,0,0,"amt","USA","NJ","Edison","",NA,NA,0,"",1
4,7692479,12,2,5,NA,0,0,0,0,"amt","IND","07","New Delhi","",NA,NA,0,"",0.6
4,7692924,8,2,6,NA,0,0,0,0,"amt","IND","07","New Delhi","",NA,NA,0,"",0.6667
4,7693162,3,0,1,NA,0,0,0,0,"amt","IND","19","Belgaum","",NA,NA,0,"",1
4,7718432,5,3,4,NA,0,0,0,0,"amt","IND","25","Tiruchchirappalli","",NA,NA,0,"",0.25
4,7719193,0,0,0,NA,0,0,0,0,"amt","","","","",NA,NA,0,"",1
4,7720347,0,0,0,NA,0,0,0,0,"getpaid","","","","",NA,NA,0,"",1
4,7734342,4,0,4,NA,0,0,0,0,"amt","PRT","","","",NA,NA,0,"",1
4,7738560,0,0,0,NA,0,0,0,0,"sedgroup","","","","",NA,NA,0,"",1
4,7742305,10,3,4,NA,0,0,0,0,"getpaid","ISR","01","Ashqelon","",NA,NA,0,"",0.25
4,7762160,0,0,0,NA,0,0,0,0,"amt","","","","",NA,NA,0,"",1
4,7773328,2,0,1,NA,0,0,0,0,"amt","USA","TX","Los Fresnos","",NA,NA,0,"",1
4,7788522,4,0,2,NA,0,0,0,0,"getpaid","USA","CA","Torrance","",NA,NA,0,"",1
4,7791904,9,2,5,NA,0,0,0,0,"amt","IND","13","Malappuram","",NA,NA,0,"",0.6
4,7792252,5,0,2,NA,0,0,0,0,"amt","USA","KY","Ft Mitchell","",NA,NA,0,"",1
4,7802153,3,0,0,NA,0,0,0,0,"amt","IND","25","Erode","",NA,NA,0,"",1
4,7810040,0,0,0,NA,0,0,0,0,"amt","","","","",NA,NA,0,"",1
4,7817327,8,4,4,NA,0,0,0,0,"amt","IND","25","Madras","",NA,NA,0,"",0
4,7817913,4,2,4,NA,0,0,0,0,"getpaid","IDN","26","Medan","",NA,NA,0,"",0.5
4,7818235,4,0,2,NA,0,0,0,0,"fusioncash","USA","TX","Beaumont","",NA,NA,0,"",1
4,7819459,9,2,5,NA,0,0,0,0,"getpaid","BLR","04","Novopashkovo","",NA,NA,0,"",0.6
4,7820297,1,1,1,NA,0,0,0,0,"amt","IND","16","Mumbai","",NA,NA,0,"",0
4,7824046,0,0,0,NA,0,0,0,0,"amt","","","","",NA,NA,0,"",1
4,7850567,7,3,4,NA,0,0,0,0,"cbf","USA","NY","New York","",NA,NA,0,"",0.25
4,7864245,9,2,4,NA,0,0,0,0,"zoombucks","CAN","ON","Ottawa","",NA,NA,0,"",0.5
4,7877401,7,4,4,NA,0,0,0,0,"amt","IND","07","Delhi","",NA,NA,0,"",0
4,7883686,0,0,0,NA,0,0,0,0,"amt","","","","",NA,NA,0,"",1
4,7885904,1,0,0,NA,0,0,0,0,"amt","MKD","52","Kriva Palanka","",NA,NA,0,"",1
4,7897088,1,0,0,NA,0,0,0,0,"amt","IND","02","Eluru","",NA,NA,0,"",1
4,7903230,3,0,2,NA,0,0,0,0,"amt","IND","07","New Delhi","",NA,NA,0,"",1
4,7906411,0,0,0,NA,0,0,0,0,"amt","","","","",NA,NA,0,"",1
4,7909004,7,0,3,NA,0,0,0,0,"amt","IND","28","Kharagpur","",NA,NA,0,"",1
4,7918256,13,0,4,NA,0,0,0,0,"amt","GBR","L3","Rotherham","",NA,NA,0,"",1
4,7928052,8,2,4,NA,0,0,0,0,"amt","IND","16","Pune","",NA,NA,0,"",0.5
4,7930457,5,3,4,NA,0,0,0,0,"getpaid","ITA","13","San Severo","",NA,NA,0,"",0.25
4,7939680,0,0,0,NA,0,0,0,0,"amt","","","","",NA,NA,0,"",1
4,7945261,1,1,1,NA,0,0,0,0,"zoombucks","USA","NY","Astoria","",NA,NA,0,"",0
4,7950388,6,2,4,NA,0,0,0,0,"amt","IND","16","Pune","",NA,NA,0,"",0.5
4,7956031,1,1,1,NA,0,0,0,0,"amt","SGP","00","Singapore","",NA,NA,0,"",0
4,7958530,7,2,5,NA,0,0,0,0,"amt","ITA","09","Bergamo","",NA,NA,0,"",0.6
4,7958814,0,0,0,NA,0,0,0,0,"amt","","","","",NA,NA,0,"",1
4,7959111,3,0,1,NA,0,0,0,0,"amt","MKD","41","Skopje","",NA,NA,0,"",1
4,7959658,2,0,1,NA,0,0,0,0,"amt","IND","19","Bangalore","",NA,NA,0,"",1
4,7960323,9,0,5,NA,0,0,0,0,"amt","IND","25","Ramanathapuram","",NA,NA,0,"",1
4,7960776,9,2,5,NA,0,0,0,0,"amt","IND","07","Delhi","",NA,NA,0,"",0.6
4,7961725,4,1,1,NA,0,0,0,0,"amt","NLD","05","Baarlo","",NA,NA,0,"",0
4,7964674,9,1,2,NA,0,0,0,0,"amt","DEU","07","Leichlingen","",NA,NA,0,"",0.5
4,7974313,8,1,5,NA,0,0,0,0,"getpaid","IND","07","Delhi","",NA,NA,0,"",0.8
4,7980188,0,0,0,NA,0,0,0,0,"amt","","","","",NA,NA,0,"",1
4,7980455,0,0,0,NA,0,0,0,0,"amt","","","","",NA,NA,0,"",1
4,7981864,19,2,5,NA,0,0,0,0,"amt","IND","25","Tiruchchirappalli","",NA,NA,0,"",0.6
4,7982254,1,0,0,NA,0,0,0,0,"amt","IND","16","Mumbai","",NA,NA,0,"",1
4,7990082,6,2,5,NA,0,0,0,0,"amt","MKD","69","Negotino","",NA,NA,0,"",0.6
4,7995244,5,4,4,NA,0,0,0,0,"amt","ROU","","","",NA,NA,0,"",0
4,8001563,10,1,1,NA,0,0,0,0,"amt","GBR","H5","Loughborough","",NA,NA,0,"",0
4,8005372,5,3,4,NA,0,0,0,0,"amt","IND","16","Mumbai","",NA,NA,0,"",0.25
4,8007899,14,2,6,NA,0,0,0,0,"getpaid","A1","","","",NA,NA,0,"",0.6667
4,8008334,13,3,9,NA,0,0,0,0,"getpaid","PHL","45","Blumentritt","",NA,NA,0,"",0.6667
4,8009704,0,0,0,NA,0,0,0,0,"amt","","","","",NA,NA,0,"",1
4,8011892,8,4,4,NA,0,0,0,0,"fusioncash","USA","AL","Frisco City","",NA,NA,0,"",0
4,8013755,3,0,1,NA,0,0,0,0,"amt","MKD","33","Gevgelija","",NA,NA,0,"",1
4,8014236,0,0,0,NA,0,0,0,0,"amt","","","","",NA,NA,0,"",1
4,8014849,7,3,4,NA,0,0,0,0,"fusioncash","CAN","ON","Toronto","",NA,NA,0,"",0.25
4,8018744,3,0,1,NA,0,0,0,0,"getpaid","IDN","","","",NA,NA,0,"",1
4,8021337,6,0,3,NA,0,0,0,0,"amt","MDA","48","Chisinau","",NA,NA,0,"",1
4,8021998,9,2,4,NA,0,0,0,0,"getpaid","A1","","","",NA,NA,0,"",0.5
4,8023230,8,2,4,NA,0,0,0,0,"getpaid","PHL","B7","Cebu","",NA,NA,0,"",0.5
4,8023270,5,2,2,NA,0,0,0,0,"amt","IND","25","Sivakasi","",NA,NA,0,"",0
4,8023686,3,0,1,NA,0,0,0,0,"amt","IND","25","Madras","",NA,NA,0,"",1
4,8025703,44,0,8,NA,0,0,0,0,"getpaid","ITA","12","Romano Canavese","",NA,NA,0,"",1
4,8031185,3,3,3,NA,0,0,0,0,"amt","ROU","34","Suceava","",NA,NA,0,"",0
4,8032266,0,0,0,NA,0,0,0,0,"amt","","","","",NA,NA,0,"",1
4,8035827,26,0,7,NA,0,0,0,0,"getpaid","PRT","14","Loures","",NA,NA,0,"",1
4,8035995,6,1,4,NA,0,0,0,0,"getpaid","EGY","08","Gîza","",NA,NA,0,"",0.75
4,8038355,50,0,6,NA,0,0,0,0,"getpaid","ROU","14","Constanta","",NA,NA,0,"",1
4,8038858,0,0,0,NA,0,0,0,0,"amt","","","","",NA,NA,0,"",1
4,8040355,6,4,4,NA,0,0,0,0,"amt","IND","25","Karur","",NA,NA,0,"",0
4,8042599,13,3,8,NA,0,0,0,0,"getpaid","GEO","19","Tbilisi","",NA,NA,0,"",0.625
4,8046323,11,3,4,NA,0,0,0,0,"getpaid","AGO","20","Luanda","",NA,NA,0,"",0.25
4,8047174,7,1,4,NA,0,0,0,0,"amt","IND","25","Tiruchchirappalli","",NA,NA,0,"",0.75
4,8048248,1,0,1,NA,0,0,0,0,"amt","CZE","89","Ústí","",NA,NA,0,"",1
4,8051430,0,0,0,NA,0,0,0,0,"getpaid","","","","",NA,NA,0,"",1
4,8051461,0,0,0,NA,0,0,0,0,"getpaid","","","","",NA,NA,0,"",1
4,8052100,2,1,2,NA,0,0,0,0,"getpaid","IND","16","Mumbai","",NA,NA,0,"",0.5
4,8053385,10,0,5,NA,0,0,0,0,"getpaid","ESP","56","Lleida","",NA,NA,0,"",1
4,8053681,8,3,4,NA,0,0,0,0,"getpaid","BRA","","","",NA,NA,0,"",0.25
4,8055076,8,2,4,NA,0,0,0,0,"getpaid","PHL","D9","Makati","",NA,NA,0,"",0.5
4,8057913,0,0,0,NA,0,0,0,0,"amt","","","","",NA,NA,0,"",1
4,8058228,4,0,1,NA,0,0,0,0,"getpaid","BWA","09","Gaborone","",NA,NA,0,"",1
4,8059234,5,3,4,NA,0,0,0,0,"getpaid","ITA","07","Rome","",NA,NA,0,"",0.25
4,8067053,1,1,1,NA,0,0,0,0,"amt","IND","","","",NA,NA,0,"",0
4,8067690,50,1,14,NA,0,0,0,0,"getpaid","GRC","14","Kavála","",NA,NA,0,"",0.9286
4,8067901,8,1,2,NA,0,0,0,0,"fusioncash","USA","IL","Naperville","",NA,NA,0,"",0.5
4,8068828,1,0,0,NA,0,0,0,0,"getpaid","IDN","","","",NA,NA,0,"",1
4,8070659,6,4,4,NA,0,0,0,0,"getpaid","ITA","07","Latina","",NA,NA,0,"",0
4,8072109,2,1,2,NA,0,0,0,0,"getpaid","NPL","","","",NA,NA,0,"",0.5
4,8072659,5,2,4,NA,0,0,0,0,"amt","IND","19","Bangalore","",NA,NA,0,"",0.5
4,8072894,2,1,1,NA,0,0,0,0,"getpaid","EGY","11","Cairo","",NA,NA,0,"",0
4,8073166,6,1,2,NA,0,0,0,0,"getpaid","PHL","C3","Davao","",NA,NA,0,"",0.5
4,8073779,8,2,4,NA,0,0,0,0,"getpaid","ESP","58","Vigo","",NA,NA,0,"",0.5
4,8074230,1,0,1,NA,0,0,0,0,"getpaid","ISR","02","Rishon Le Zion","",NA,NA,0,"",1
4,8074916,3,1,2,NA,0,0,0,0,"getpaid","IDN","30","Bogor","",NA,NA,0,"",0.5
4,8076195,2,0,0,NA,0,0,0,0,"sedgroup","BGR","42","Sofia","",NA,NA,0,"",1
4,8076584,1,0,0,NA,0,0,0,0,"getpaid","MYS","14","Kuala Lumpur","",NA,NA,0,"",1
4,8077265,0,0,0,NA,0,0,0,0,"sedgroup","","","","",NA,NA,0,"",1
4,8077326,4,2,3,NA,0,0,0,0,"amt","IND","25","Madras","",NA,NA,0,"",0.3333
4,8077547,11,4,4,NA,0,0,0,0,"fusioncash","USA","MD","Delmar","",NA,NA,0,"",0
4,8078525,2,0,1,NA,0,0,0,0,"amt","USA","WI","Brookfield","",NA,NA,0,"",1
4,8079160,0,0,0,NA,0,0,0,0,"getpaid","","","","",NA,NA,0,"",1
4,8079200,0,0,0,NA,0,0,0,0,"sedgroup","","","","",NA,NA,0,"",1
4,8079454,5,3,4,NA,0,0,0,0,"getpaid","PSE","00","Gaza","",NA,NA,0,"",0.25
